Country,Region,Year,AvgTemperature,TempChange,BaselineTemperature,TotalTempChange,RegionalAverageTemperature,RegionalTempChange
Afghanistan,Asia,1980,11.2,0.0,11.2,0.0,18.136363636363637,0.0
Afghanistan,Asia,1981,11.5,0.3000000000000007,11.2,0.3000000000000007,18.436363636363637,0.3000000000000007
Afghanistan,Asia,1982,11.3,-0.1999999999999993,11.2,0.10000000000000142,18.236363636363635,-0.20000000000000284
Afghanistan,Asia,1983,11.8,0.5,11.2,0.6000000000000014,18.736363636363635,0.5
Afghanistan,Asia,1984,11.4,-0.40000000000000036,11.2,0.20000000000000107,18.336363636363636,-0.3999999999999986
Afghanistan,Asia,1985,11.7,0.29999999999999893,11.2,0.5,18.818181818181817,0.4818181818181806
Afghanistan,Asia,1986,12.0,0.3000000000000007,11.2,0.8000000000000007,19.11818181818182,0.30000000000000426
Afghanistan,Asia,1987,11.6,-0.40000000000000036,11.2,0.40000000000000036,18.62727272727273,-0.49090909090909207
Afghanistan,Asia,1988,11.3,-0.29999999999999893,11.2,0.10000000000000142,18.418181818181818,-0.20909090909091077
Afghanistan,Asia,1989,11.9,0.5999999999999996,11.2,0.7000000000000011,18.927272727272726,0.5090909090909079
Afghanistan,Asia,1990,12.2,0.29999999999999893,11.2,1.0,19.318181818181817,0.39090909090909065
Afghanistan,Asia,1991,11.8,-0.3999999999999986,11.2,0.6000000000000014,18.827272727272728,-0.4909090909090885
Afghanistan,Asia,1992,12.1,0.29999999999999893,11.2,0.9000000000000004,19.218181818181815,0.3909090909090871
Afghanistan,Asia,1993,12.4,0.3000000000000007,11.2,1.200000000000001,19.518181818181816,0.3000000000000007
Afghanistan,Asia,1994,11.9,-0.5,11.2,0.7000000000000011,19.018181818181816,-0.5
Afghanistan,Asia,1995,12.6,0.6999999999999993,11.2,1.4000000000000004,19.718181818181815,0.6999999999999993
Afghanistan,Asia,1996,12.2,-0.40000000000000036,11.2,1.0,19.318181818181817,-0.3999999999999986
Afghanistan,Asia,1997,12.8,0.6000000000000014,11.2,1.6000000000000014,19.918181818181818,0.6000000000000014
Afghanistan,Asia,1998,12.4,-0.40000000000000036,11.2,1.200000000000001,19.518181818181816,-0.40000000000000213
Afghanistan,Asia,1999,12.9,0.5,11.2,1.700000000000001,20.018181818181816,0.5
Argentina,South America,1980,13.1,0.0,13.1,0.0,19.419999999999998,0.0
Argentina,South America,1981,13.4,0.3000000000000007,13.1,0.3000000000000007,19.72,0.3000000000000007
Argentina,South America,1982,13.2,-0.20000000000000107,13.1,0.09999999999999964,19.52,-0.1999999999999993
Argentina,South America,1983,13.7,0.5,13.1,0.5999999999999996,20.02,0.5
Argentina,South America,1984,13.3,-0.3999999999999986,13.1,0.20000000000000107,19.619999999999997,-0.40000000000000213
Argentina,South America,1985,13.6,0.29999999999999893,13.1,0.5,20.080000000000002,0.4600000000000044
Argentina,South America,1986,13.9,0.3000000000000007,13.1,0.8000000000000007,20.380000000000003,0.3000000000000007
Argentina,South America,1987,13.5,-0.40000000000000036,13.1,0.40000000000000036,19.9,-0.480000000000004
Argentina,South America,1988,13.2,-0.3000000000000007,13.1,0.09999999999999964,19.68,-0.21999999999999886
Argentina,South America,1989,13.8,0.6000000000000014,13.1,0.7000000000000011,20.2,0.5199999999999996
Argentina,South America,1990,14.1,0.29999999999999893,13.1,1.0,20.580000000000002,0.38000000000000256
Argentina,South America,1991,13.7,-0.40000000000000036,13.1,0.5999999999999996,20.1,-0.4800000000000004
Argentina,South America,1992,14.0,0.3000000000000007,13.1,0.9000000000000004,20.48,0.379999999999999
Argentina,South America,1993,14.3,0.3000000000000007,13.1,1.200000000000001,20.78,0.3000000000000007
Argentina,South America,1994,13.8,-0.5,13.1,0.7000000000000011,20.28,-0.5
Argentina,South America,1995,14.5,0.6999999999999993,13.1,1.4000000000000004,20.98,0.6999999999999993
Argentina,South America,1996,14.1,-0.40000000000000036,13.1,1.0,20.580000000000002,-0.3999999999999986
Argentina,South America,1997,14.7,0.5999999999999996,13.1,1.5999999999999996,21.18,0.5999999999999979
Argentina,South America,1998,14.3,-0.3999999999999986,13.1,1.200000000000001,20.78,-0.3999999999999986
Argentina,South America,1999,14.8,0.5,13.1,1.700000000000001,21.28,0.5
Australia,Oceania,1980,20.1,0.0,20.1,0.0,15.350000000000001,0.0
Australia,Oceania,1981,20.4,0.29999999999999716,20.1,0.29999999999999716,15.649999999999999,0.29999999999999716
Australia,Oceania,1982,20.9,0.5,20.1,0.7999999999999972,15.799999999999999,0.15000000000000036
Australia,Oceania,1983,20.6,-0.29999999999999716,20.1,0.5,15.9,0.10000000000000142
Australia,Oceania,1984,20.3,-0.3000000000000007,20.1,0.1999999999999993,15.55,-0.34999999999999964
Australia,Oceania,1985,20.7,0.3999999999999986,20.1,0.5999999999999979,16.0,0.4499999999999993
Australia,Oceania,1986,21.1,0.40000000000000213,20.1,1.0,16.35,0.3500000000000014
Australia,Oceania,1987,20.5,-0.6000000000000014,20.1,0.3999999999999986,15.8,-0.5500000000000007
Australia,Oceania,1988,20.2,-0.3000000000000007,20.1,0.09999999999999787,15.55,-0.25
Australia,Oceania,1989,20.8,0.6000000000000014,20.1,0.6999999999999993,16.1,0.5500000000000007
Australia,Oceania,1990,20.4,-0.40000000000000213,20.1,0.29999999999999716,16.1,0.0
Australia,Oceania,1991,20.0,-0.3999999999999986,20.1,-0.10000000000000142,15.65,-0.45000000000000107
Australia,Oceania,1992,21.2,1.1999999999999993,20.1,1.0999999999999979,16.45,0.7999999999999989
Australia,Oceania,1993,21.6,0.40000000000000213,20.1,1.5,16.8,0.3500000000000014
Australia,Oceania,1994,21.3,-0.3000000000000007,20.1,1.1999999999999993,16.4,-0.40000000000000213
Australia,Oceania,1995,21.9,0.5999999999999979,20.1,1.7999999999999972,17.049999999999997,0.6499999999999986
Australia,Oceania,1996,21.5,-0.3999999999999986,20.1,1.3999999999999986,16.65,-0.3999999999999986
Australia,Oceania,1997,22.1,0.6000000000000014,20.1,2.0,17.25,0.6000000000000014
Australia,Oceania,1998,22.4,0.29999999999999716,20.1,2.299999999999997,17.2,-0.05000000000000071
Australia,Oceania,1999,21.8,-0.5999999999999979,20.1,1.6999999999999993,17.15,-0.05000000000000071
Brazil,South America,1980,23.5,0.0,23.5,0.0,19.419999999999998,0.0
Brazil,South America,1981,23.8,0.3000000000000007,23.5,0.3000000000000007,19.72,0.3000000000000007
Brazil,South America,1982,23.6,-0.1999999999999993,23.5,0.10000000000000142,19.52,-0.1999999999999993
Brazil,South America,1983,24.1,0.5,23.5,0.6000000000000014,20.02,0.5
Brazil,South America,1984,23.7,-0.40000000000000213,23.5,0.1999999999999993,19.619999999999997,-0.40000000000000213
Brazil,South America,1985,24.2,0.5,23.5,0.6999999999999993,20.080000000000002,0.4600000000000044
Brazil,South America,1986,24.5,0.3000000000000007,23.5,1.0,20.380000000000003,0.3000000000000007
Brazil,South America,1987,24.0,-0.5,23.5,0.5,19.9,-0.480000000000004
Brazil,South America,1988,23.8,-0.1999999999999993,23.5,0.3000000000000007,19.68,-0.21999999999999886
Brazil,South America,1989,24.3,0.5,23.5,0.8000000000000007,20.2,0.5199999999999996
Brazil,South America,1990,24.7,0.3999999999999986,23.5,1.1999999999999993,20.580000000000002,0.38000000000000256
Brazil,South America,1991,24.2,-0.5,23.5,0.6999999999999993,20.1,-0.4800000000000004
Brazil,South America,1992,24.6,0.40000000000000213,23.5,1.1000000000000014,20.48,0.379999999999999
Brazil,South America,1993,24.9,0.29999999999999716,23.5,1.3999999999999986,20.78,0.3000000000000007
Brazil,South America,1994,24.4,-0.5,23.5,0.8999999999999986,20.28,-0.5
Brazil,South America,1995,25.1,0.7000000000000028,23.5,1.6000000000000014,20.98,0.6999999999999993
Brazil,South America,1996,24.7,-0.40000000000000213,23.5,1.1999999999999993,20.580000000000002,-0.3999999999999986
Brazil,South America,1997,25.3,0.6000000000000014,23.5,1.8000000000000007,21.18,0.5999999999999979
Brazil,South America,1998,24.9,-0.40000000000000213,23.5,1.3999999999999986,20.78,-0.3999999999999986
Brazil,South America,1999,25.4,0.5,23.5,1.8999999999999986,21.28,0.5
Canada,North America,1980,-3.2,0.0,-3.2,0.0,6.833333333333333,0.0
Canada,North America,1981,-2.9,0.30000000000000027,-3.2,0.30000000000000027,7.133333333333333,0.2999999999999998
Canada,North America,1982,-3.1,-0.20000000000000018,-3.2,0.10000000000000009,6.933333333333334,-0.1999999999999993
Canada,North America,1983,-2.6,0.5,-3.2,0.6000000000000001,7.466666666666668,0.5333333333333341
Canada,North America,1984,-3.0,-0.3999999999999999,-3.2,0.20000000000000018,7.033333333333334,-0.43333333333333357
Canada,North America,1985,-2.7,0.2999999999999998,-3.2,0.5,7.466666666666666,0.4333333333333318
Canada,North America,1986,-2.4,0.30000000000000027,-3.2,0.8000000000000003,7.766666666666666,0.2999999999999998
Canada,North America,1987,-2.8,-0.3999999999999999,-3.2,0.40000000000000036,7.3,-0.4666666666666659
Canada,North America,1988,-3.2,-0.40000000000000036,-3.2,0.0,7.033333333333334,-0.2666666666666657
Canada,North America,1989,-2.6,0.6000000000000001,-3.2,0.6000000000000001,7.566666666666667,0.5333333333333332
Canada,North America,1990,-2.2,0.3999999999999999,-3.2,1.0,7.966666666666666,0.3999999999999986
Canada,North America,1991,-2.9,-0.6999999999999997,-3.2,0.30000000000000027,7.3999999999999995,-0.5666666666666664
Canada,North America,1992,-2.3,0.6000000000000001,-3.2,0.9000000000000004,7.866666666666667,0.4666666666666677
Canada,North America,1993,-2.0,0.2999999999999998,-3.2,1.2000000000000002,8.166666666666666,0.29999999999999893
Canada,North America,1994,-2.5,-0.5,-3.2,0.7000000000000002,7.666666666666667,-0.4999999999999991
Canada,North America,1995,-1.8,0.7,-3.2,1.4000000000000001,8.366666666666667,0.7000000000000002
Canada,North America,1996,-1.4,0.40000000000000013,-3.2,1.8000000000000003,8.233333333333334,-0.13333333333333286
Canada,North America,1997,-1.9,-0.5,-3.2,1.3000000000000003,8.466666666666667,0.2333333333333325
Canada,North America,1998,-1.6,0.2999999999999998,-3.2,1.6,8.299999999999999,-0.16666666666666785
Canada,North America,1999,-1.2,0.40000000000000013,-3.2,2.0,8.766666666666666,0.4666666666666668
China,Asia,1980,6.5,0.0,6.5,0.0,18.136363636363637,0.0
China,Asia,1981,6.8,0.2999999999999998,6.5,0.2999999999999998,18.436363636363637,0.3000000000000007
China,Asia,1982,6.6,-0.20000000000000018,6.5,0.09999999999999964,18.236363636363635,-0.20000000000000284
China,Asia,1983,7.1,0.5,6.5,0.5999999999999996,18.736363636363635,0.5
China,Asia,1984,6.7,-0.39999999999999947,6.5,0.20000000000000018,18.336363636363636,-0.3999999999999986
China,Asia,1985,7.2,0.5,6.5,0.7000000000000002,18.818181818181817,0.4818181818181806
China,Asia,1986,7.5,0.2999999999999998,6.5,1.0,19.11818181818182,0.30000000000000426
China,Asia,1987,7.0,-0.5,6.5,0.5,18.62727272727273,-0.49090909090909207
China,Asia,1988,6.8,-0.20000000000000018,6.5,0.2999999999999998,18.418181818181818,-0.20909090909091077
China,Asia,1989,7.3,0.5,6.5,0.7999999999999998,18.927272727272726,0.5090909090909079
China,Asia,1990,7.7,0.40000000000000036,6.5,1.2000000000000002,19.318181818181817,0.39090909090909065
China,Asia,1991,7.2,-0.5,6.5,0.7000000000000002,18.827272727272728,-0.4909090909090885
China,Asia,1992,7.6,0.39999999999999947,6.5,1.0999999999999996,19.218181818181815,0.3909090909090871
China,Asia,1993,7.9,0.3000000000000007,6.5,1.4000000000000004,19.518181818181816,0.3000000000000007
China,Asia,1994,7.4,-0.5,6.5,0.9000000000000004,19.018181818181816,-0.5
China,Asia,1995,8.1,0.6999999999999993,6.5,1.5999999999999996,19.718181818181815,0.6999999999999993
China,Asia,1996,7.7,-0.39999999999999947,6.5,1.2000000000000002,19.318181818181817,-0.3999999999999986
China,Asia,1997,8.3,0.6000000000000005,6.5,1.8000000000000007,19.918181818181818,0.6000000000000014
China,Asia,1998,7.9,-0.40000000000000036,6.5,1.4000000000000004,19.518181818181816,-0.40000000000000213
China,Asia,1999,8.4,0.5,6.5,1.9000000000000004,20.018181818181816,0.5
Colombia,South America,1980,20.3,0.0,20.3,0.0,19.419999999999998,0.0
Colombia,South America,1981,20.6,0.3000000000000007,20.3,0.3000000000000007,19.72,0.3000000000000007
Colombia,South America,1982,20.4,-0.20000000000000284,20.3,0.09999999999999787,19.52,-0.1999999999999993
Colombia,South America,1983,20.9,0.5,20.3,0.5999999999999979,20.02,0.5
Colombia,South America,1984,20.5,-0.3999999999999986,20.3,0.1999999999999993,19.619999999999997,-0.40000000000000213
Colombia,South America,1985,21.0,0.5,20.3,0.6999999999999993,20.080000000000002,0.4600000000000044
Colombia,South America,1986,21.3,0.3000000000000007,20.3,1.0,20.380000000000003,0.3000000000000007
Colombia,South America,1987,20.8,-0.5,20.3,0.5,19.9,-0.480000000000004
Colombia,South America,1988,20.6,-0.1999999999999993,20.3,0.3000000000000007,19.68,-0.21999999999999886
Colombia,South America,1989,21.1,0.5,20.3,0.8000000000000007,20.2,0.5199999999999996
Colombia,South America,1990,21.5,0.3999999999999986,20.3,1.1999999999999993,20.580000000000002,0.38000000000000256
Colombia,South America,1991,21.0,-0.5,20.3,0.6999999999999993,20.1,-0.4800000000000004
Colombia,South America,1992,21.4,0.3999999999999986,20.3,1.0999999999999979,20.48,0.379999999999999
Colombia,South America,1993,21.7,0.3000000000000007,20.3,1.3999999999999986,20.78,0.3000000000000007
Colombia,South America,1994,21.2,-0.5,20.3,0.8999999999999986,20.28,-0.5
Colombia,South America,1995,21.9,0.6999999999999993,20.3,1.5999999999999979,20.98,0.6999999999999993
Colombia,South America,1996,21.5,-0.3999999999999986,20.3,1.1999999999999993,20.580000000000002,-0.3999999999999986
Colombia,South America,1997,22.1,0.6000000000000014,20.3,1.8000000000000007,21.18,0.5999999999999979
Colombia,South America,1998,21.7,-0.40000000000000213,20.3,1.3999999999999986,20.78,-0.3999999999999986
Colombia,South America,1999,22.2,0.5,20.3,1.8999999999999986,21.28,0.5
Egypt,Africa,1980,18.8,0.0,18.8,0.0,19.94,0.0
Egypt,Africa,1981,19.1,0.3000000000000007,18.8,0.3000000000000007,20.240000000000002,0.3000000000000007
Egypt,Africa,1982,18.9,-0.20000000000000284,18.8,0.09999999999999787,20.04,-0.20000000000000284
Egypt,Africa,1983,19.4,0.5,18.8,0.5999999999999979,20.54,0.5
Egypt,Africa,1984,19.0,-0.3999999999999986,18.8,0.1999999999999993,20.14,-0.3999999999999986
Egypt,Africa,1985,19.5,0.5,18.8,0.6999999999999993,20.64,0.5
Egypt,Africa,1986,19.8,0.3000000000000007,18.8,1.0,20.94,0.3000000000000007
Egypt,Africa,1987,19.3,-0.5,18.8,0.5,20.44,-0.5
Egypt,Africa,1988,19.1,-0.1999999999999993,18.8,0.3000000000000007,20.240000000000002,-0.1999999999999993
Egypt,Africa,1989,19.6,0.5,18.8,0.8000000000000007,20.740000000000002,0.5
Egypt,Africa,1990,20.0,0.3999999999999986,18.8,1.1999999999999993,21.14,0.3999999999999986
Egypt,Africa,1991,19.5,-0.5,18.8,0.6999999999999993,20.64,-0.5
Egypt,Africa,1992,19.9,0.3999999999999986,18.8,1.0999999999999979,21.04,0.3999999999999986
Egypt,Africa,1993,20.2,0.3000000000000007,18.8,1.3999999999999986,21.34,0.3000000000000007
Egypt,Africa,1994,19.7,-0.5,18.8,0.8999999999999986,20.84,-0.5
Egypt,Africa,1995,20.4,0.6999999999999993,18.8,1.5999999999999979,21.54,0.6999999999999993
Egypt,Africa,1996,20.0,-0.3999999999999986,18.8,1.1999999999999993,21.14,-0.3999999999999986
Egypt,Africa,1997,20.6,0.6000000000000014,18.8,1.8000000000000007,21.740000000000002,0.6000000000000014
Egypt,Africa,1998,20.2,-0.40000000000000213,18.8,1.3999999999999986,21.34,-0.40000000000000213
Egypt,Africa,1999,20.7,0.5,18.8,1.8999999999999986,21.84,0.5
Ethiopia,Africa,1980,17.1,0.0,17.1,0.0,19.94,0.0
Ethiopia,Africa,1981,17.4,0.29999999999999716,17.1,0.29999999999999716,20.240000000000002,0.3000000000000007
Ethiopia,Africa,1982,17.2,-0.1999999999999993,17.1,0.09999999999999787,20.04,-0.20000000000000284
Ethiopia,Africa,1983,17.7,0.5,17.1,0.5999999999999979,20.54,0.5
Ethiopia,Africa,1984,17.3,-0.3999999999999986,17.1,0.1999999999999993,20.14,-0.3999999999999986
Ethiopia,Africa,1985,17.8,0.5,17.1,0.6999999999999993,20.64,0.5
Ethiopia,Africa,1986,18.1,0.3000000000000007,17.1,1.0,20.94,0.3000000000000007
Ethiopia,Africa,1987,17.6,-0.5,17.1,0.5,20.44,-0.5
Ethiopia,Africa,1988,17.4,-0.20000000000000284,17.1,0.29999999999999716,20.240000000000002,-0.1999999999999993
Ethiopia,Africa,1989,17.9,0.5,17.1,0.7999999999999972,20.740000000000002,0.5
Ethiopia,Africa,1990,18.3,0.40000000000000213,17.1,1.1999999999999993,21.14,0.3999999999999986
Ethiopia,Africa,1991,17.8,-0.5,17.1,0.6999999999999993,20.64,-0.5
Ethiopia,Africa,1992,18.2,0.3999999999999986,17.1,1.0999999999999979,21.04,0.3999999999999986
Ethiopia,Africa,1993,18.5,0.3000000000000007,17.1,1.3999999999999986,21.34,0.3000000000000007
Ethiopia,Africa,1994,18.0,-0.5,17.1,0.8999999999999986,20.84,-0.5
Ethiopia,Africa,1995,18.7,0.6999999999999993,17.1,1.5999999999999979,21.54,0.6999999999999993
Ethiopia,Africa,1996,18.3,-0.3999999999999986,17.1,1.1999999999999993,21.14,-0.3999999999999986
Ethiopia,Africa,1997,18.9,0.5999999999999979,17.1,1.7999999999999972,21.740000000000002,0.6000000000000014
Ethiopia,Africa,1998,18.5,-0.3999999999999986,17.1,1.3999999999999986,21.34,-0.40000000000000213
Ethiopia,Africa,1999,19.0,0.5,17.1,1.8999999999999986,21.84,0.5
France,Europe,1980,9.5,0.0,9.5,0.0,6.314285714285715,0.0
France,Europe,1981,9.8,0.3000000000000007,9.5,0.3000000000000007,6.614285714285714,0.29999999999999893
France,Europe,1982,9.6,-0.20000000000000107,9.5,0.09999999999999964,6.414285714285714,-0.20000000000000018
France,Europe,1983,10.1,0.5,9.5,0.5999999999999996,7.171428571428572,0.757142857142858
France,Europe,1984,9.3,-0.7999999999999989,9.5,-0.1999999999999993,6.142857142857143,-1.0285714285714285
France,Europe,1985,9.6,0.29999999999999893,9.5,0.09999999999999964,6.478571428571429,0.3357142857142854
France,Europe,1986,10.1,0.5,9.5,0.5999999999999996,7.0,0.5214285714285714
France,Europe,1987,9.9,-0.1999999999999993,9.5,0.40000000000000036,6.821428571428571,-0.17857142857142883
France,Europe,1988,9.6,-0.3000000000000007,9.5,0.09999999999999964,6.5,-0.3214285714285712
France,Europe,1989,10.0,0.40000000000000036,9.5,0.5,7.057142857142857,0.5571428571428569
France,Europe,1990,10.8,0.8000000000000007,9.5,1.3000000000000007,7.692857142857142,0.6357142857142852
France,Europe,1991,9.9,-0.9000000000000004,9.5,0.40000000000000036,6.857142857142857,-0.8357142857142854
France,Europe,1992,10.1,0.1999999999999993,9.5,0.5999999999999996,7.078571428571428,0.22142857142857153
France,Europe,1993,10.0,-0.09999999999999964,9.5,0.5,7.028571428571429,-0.049999999999998934
France,Europe,1994,10.4,0.40000000000000036,9.5,0.9000000000000004,7.45,0.4214285714285708
France,Europe,1995,10.3,-0.09999999999999964,9.5,0.8000000000000007,7.328571428571428,-0.12142857142857189
France,Europe,1996,9.8,-0.5,9.5,0.3000000000000007,6.8,-0.5285714285714285
France,Europe,1997,10.5,0.6999999999999993,9.5,1.0,7.521428571428571,0.7214285714285715
France,Europe,1998,10.7,0.1999999999999993,9.5,1.1999999999999993,7.764285714285713,0.242857142857142
France,Europe,1999,10.9,0.20000000000000107,9.5,1.4000000000000004,7.978571428571429,0.2142857142857153
Germany,Europe,1980,7.6,0.0,7.6,0.0,6.314285714285715,0.0
Germany,Europe,1981,7.9,0.3000000000000007,7.6,0.3000000000000007,6.614285714285714,0.29999999999999893
Germany,Europe,1982,7.7,-0.20000000000000018,7.6,0.10000000000000053,6.414285714285714,-0.20000000000000018
Germany,Europe,1983,8.5,0.7999999999999998,7.6,0.9000000000000004,7.171428571428572,0.757142857142858
Germany,Europe,1984,7.4,-1.0999999999999996,7.6,-0.1999999999999993,6.142857142857143,-1.0285714285714285
Germany,Europe,1985,7.7,0.2999999999999998,7.6,0.10000000000000053,6.478571428571429,0.3357142857142854
Germany,Europe,1986,8.2,0.4999999999999991,7.6,0.5999999999999996,7.0,0.5214285714285714
Germany,Europe,1987,8.0,-0.1999999999999993,7.6,0.40000000000000036,6.821428571428571,-0.17857142857142883
Germany,Europe,1988,7.7,-0.2999999999999998,7.6,0.10000000000000053,6.5,-0.3214285714285712
Germany,Europe,1989,8.4,0.7000000000000002,7.6,0.8000000000000007,7.057142857142857,0.5571428571428569
Germany,Europe,1990,9.1,0.6999999999999993,7.6,1.5,7.692857142857142,0.6357142857142852
Germany,Europe,1991,8.1,-1.0,7.6,0.5,6.857142857142857,-0.8357142857142854
Germany,Europe,1992,8.3,0.20000000000000107,7.6,0.7000000000000011,7.078571428571428,0.22142857142857153
Germany,Europe,1993,8.2,-0.10000000000000142,7.6,0.5999999999999996,7.028571428571429,-0.049999999999998934
Germany,Europe,1994,8.7,0.5,7.6,1.0999999999999996,7.45,0.4214285714285708
Germany,Europe,1995,8.5,-0.1999999999999993,7.6,0.9000000000000004,7.328571428571428,-0.12142857142857189
Germany,Europe,1996,7.9,-0.5999999999999996,7.6,0.3000000000000007,6.8,-0.5285714285714285
Germany,Europe,1997,8.8,0.9000000000000004,7.6,1.200000000000001,7.521428571428571,0.7214285714285715
Germany,Europe,1998,9.0,0.1999999999999993,7.6,1.4000000000000004,7.764285714285713,0.242857142857142
Germany,Europe,1999,9.2,0.1999999999999993,7.6,1.5999999999999996,7.978571428571429,0.2142857142857153
Ghana,Africa,1980,25.5,0.0,25.5,0.0,19.94,0.0
Ghana,Africa,1981,25.8,0.3000000000000007,25.5,0.3000000000000007,20.240000000000002,0.3000000000000007
Ghana,Africa,1982,25.6,-0.1999999999999993,25.5,0.10000000000000142,20.04,-0.20000000000000284
Ghana,Africa,1983,26.1,0.5,25.5,0.6000000000000014,20.54,0.5
Ghana,Africa,1984,25.7,-0.40000000000000213,25.5,0.1999999999999993,20.14,-0.3999999999999986
Ghana,Africa,1985,26.2,0.5,25.5,0.6999999999999993,20.64,0.5
Ghana,Africa,1986,26.5,0.3000000000000007,25.5,1.0,20.94,0.3000000000000007
Ghana,Africa,1987,26.0,-0.5,25.5,0.5,20.44,-0.5
Ghana,Africa,1988,25.8,-0.1999999999999993,25.5,0.3000000000000007,20.240000000000002,-0.1999999999999993
Ghana,Africa,1989,26.3,0.5,25.5,0.8000000000000007,20.740000000000002,0.5
Ghana,Africa,1990,26.7,0.3999999999999986,25.5,1.1999999999999993,21.14,0.3999999999999986
Ghana,Africa,1991,26.2,-0.5,25.5,0.6999999999999993,20.64,-0.5
Ghana,Africa,1992,26.6,0.40000000000000213,25.5,1.1000000000000014,21.04,0.3999999999999986
Ghana,Africa,1993,26.9,0.29999999999999716,25.5,1.3999999999999986,21.34,0.3000000000000007
Ghana,Africa,1994,26.4,-0.5,25.5,0.8999999999999986,20.84,-0.5
Ghana,Africa,1995,27.1,0.7000000000000028,25.5,1.6000000000000014,21.54,0.6999999999999993
Ghana,Africa,1996,26.7,-0.40000000000000213,25.5,1.1999999999999993,21.14,-0.3999999999999986
Ghana,Africa,1997,27.3,0.6000000000000014,25.5,1.8000000000000007,21.740000000000002,0.6000000000000014
Ghana,Africa,1998,26.9,-0.40000000000000213,25.5,1.3999999999999986,21.34,-0.40000000000000213
Ghana,Africa,1999,27.4,0.5,25.5,1.8999999999999986,21.84,0.5
India,Asia,1980,21.1,0.0,21.1,0.0,18.136363636363637,0.0
India,Asia,1981,21.4,0.29999999999999716,21.1,0.29999999999999716,18.436363636363637,0.3000000000000007
India,Asia,1982,21.2,-0.1999999999999993,21.1,0.09999999999999787,18.236363636363635,-0.20000000000000284
India,Asia,1983,21.7,0.5,21.1,0.5999999999999979,18.736363636363635,0.5
India,Asia,1984,21.3,-0.3999999999999986,21.1,0.1999999999999993,18.336363636363636,-0.3999999999999986
India,Asia,1985,21.8,0.5,21.1,0.6999999999999993,18.818181818181817,0.4818181818181806
India,Asia,1986,22.1,0.3000000000000007,21.1,1.0,19.11818181818182,0.30000000000000426
India,Asia,1987,21.6,-0.5,21.1,0.5,18.62727272727273,-0.49090909090909207
India,Asia,1988,21.4,-0.20000000000000284,21.1,0.29999999999999716,18.418181818181818,-0.20909090909091077
India,Asia,1989,21.9,0.5,21.1,0.7999999999999972,18.927272727272726,0.5090909090909079
India,Asia,1990,22.3,0.40000000000000213,21.1,1.1999999999999993,19.318181818181817,0.39090909090909065
India,Asia,1991,21.8,-0.5,21.1,0.6999999999999993,18.827272727272728,-0.4909090909090885
India,Asia,1992,22.2,0.3999999999999986,21.1,1.0999999999999979,19.218181818181815,0.3909090909090871
India,Asia,1993,22.5,0.3000000000000007,21.1,1.3999999999999986,19.518181818181816,0.3000000000000007
India,Asia,1994,22.0,-0.5,21.1,0.8999999999999986,19.018181818181816,-0.5
India,Asia,1995,22.7,0.6999999999999993,21.1,1.5999999999999979,19.718181818181815,0.6999999999999993
India,Asia,1996,22.3,-0.3999999999999986,21.1,1.1999999999999993,19.318181818181817,-0.3999999999999986
India,Asia,1997,22.9,0.5999999999999979,21.1,1.7999999999999972,19.918181818181818,0.6000000000000014
India,Asia,1998,22.5,-0.3999999999999986,21.1,1.3999999999999986,19.518181818181816,-0.40000000000000213
India,Asia,1999,23.0,0.5,21.1,1.8999999999999986,20.018181818181816,0.5
Indonesia,Asia,1980,24.4,0.0,24.4,0.0,18.136363636363637,0.0
Indonesia,Asia,1981,24.7,0.3000000000000007,24.4,0.3000000000000007,18.436363636363637,0.3000000000000007
Indonesia,Asia,1982,24.5,-0.1999999999999993,24.4,0.10000000000000142,18.236363636363635,-0.20000000000000284
Indonesia,Asia,1983,25.0,0.5,24.4,0.6000000000000014,18.736363636363635,0.5
Indonesia,Asia,1984,24.6,-0.3999999999999986,24.4,0.20000000000000284,18.336363636363636,-0.3999999999999986
Indonesia,Asia,1985,25.1,0.5,24.4,0.7000000000000028,18.818181818181817,0.4818181818181806
Indonesia,Asia,1986,25.4,0.29999999999999716,24.4,1.0,19.11818181818182,0.30000000000000426
Indonesia,Asia,1987,24.9,-0.5,24.4,0.5,18.62727272727273,-0.49090909090909207
Indonesia,Asia,1988,24.7,-0.1999999999999993,24.4,0.3000000000000007,18.418181818181818,-0.20909090909091077
Indonesia,Asia,1989,25.2,0.5,24.4,0.8000000000000007,18.927272727272726,0.5090909090909079
Indonesia,Asia,1990,25.6,0.40000000000000213,24.4,1.2000000000000028,19.318181818181817,0.39090909090909065
Indonesia,Asia,1991,25.1,-0.5,24.4,0.7000000000000028,18.827272727272728,-0.4909090909090885
Indonesia,Asia,1992,25.5,0.3999999999999986,24.4,1.1000000000000014,19.218181818181815,0.3909090909090871
Indonesia,Asia,1993,25.8,0.3000000000000007,24.4,1.4000000000000021,19.518181818181816,0.3000000000000007
Indonesia,Asia,1994,25.3,-0.5,24.4,0.9000000000000021,19.018181818181816,-0.5
Indonesia,Asia,1995,26.0,0.6999999999999993,24.4,1.6000000000000014,19.718181818181815,0.6999999999999993
Indonesia,Asia,1996,25.6,-0.3999999999999986,24.4,1.2000000000000028,19.318181818181817,-0.3999999999999986
Indonesia,Asia,1997,26.2,0.5999999999999979,24.4,1.8000000000000007,19.918181818181818,0.6000000000000014
Indonesia,Asia,1998,25.8,-0.3999999999999986,24.4,1.4000000000000021,19.518181818181816,-0.40000000000000213
Indonesia,Asia,1999,26.3,0.5,24.4,1.9000000000000021,20.018181818181816,0.5
Iran,Middle East,1980,15.1,0.0,15.1,0.0,16.575000000000003,0.0
Iran,Middle East,1981,15.4,0.3000000000000007,15.1,0.3000000000000007,16.875,0.29999999999999716
Iran,Middle East,1982,15.2,-0.20000000000000107,15.1,0.09999999999999964,16.675,-0.1999999999999993
Iran,Middle East,1983,15.7,0.5,15.1,0.5999999999999996,17.175,0.5
Iran,Middle East,1984,15.3,-0.3999999999999986,15.1,0.20000000000000107,16.775,-0.40000000000000213
Iran,Middle East,1985,15.8,0.5,15.1,0.7000000000000011,17.275,0.5
Iran,Middle East,1986,16.1,0.3000000000000007,15.1,1.0000000000000018,17.575000000000003,0.30000000000000426
Iran,Middle East,1987,15.6,-0.5000000000000018,15.1,0.5,17.075000000000003,-0.5
Iran,Middle East,1988,15.4,-0.1999999999999993,15.1,0.3000000000000007,16.875,-0.20000000000000284
Iran,Middle East,1989,15.9,0.5,15.1,0.8000000000000007,17.375,0.5
Iran,Middle East,1990,16.3,0.40000000000000036,15.1,1.200000000000001,17.775,0.3999999999999986
Iran,Middle East,1991,15.8,-0.5,15.1,0.7000000000000011,17.275,-0.5
Iran,Middle East,1992,16.2,0.3999999999999986,15.1,1.0999999999999996,17.675,0.40000000000000213
Iran,Middle East,1993,16.5,0.3000000000000007,15.1,1.4000000000000004,17.975,0.3000000000000007
Iran,Middle East,1994,16.0,-0.5,15.1,0.9000000000000004,17.475,-0.5
Iran,Middle East,1995,16.7,0.6999999999999993,15.1,1.5999999999999996,18.175,0.6999999999999993
Iran,Middle East,1996,16.3,-0.3999999999999986,15.1,1.200000000000001,17.775,-0.40000000000000213
Iran,Middle East,1997,16.9,0.5999999999999979,15.1,1.799999999999999,18.375,0.6000000000000014
Iran,Middle East,1998,16.5,-0.3999999999999986,15.1,1.4000000000000004,17.975,-0.3999999999999986
Iran,Middle East,1999,17.0,0.5,15.1,1.9000000000000004,18.475,0.5
Iraq,Middle East,1980,18.6,0.0,18.6,0.0,16.575000000000003,0.0
Iraq,Middle East,1981,18.9,0.29999999999999716,18.6,0.29999999999999716,16.875,0.29999999999999716
Iraq,Middle East,1982,18.7,-0.1999999999999993,18.6,0.09999999999999787,16.675,-0.1999999999999993
Iraq,Middle East,1983,19.2,0.5,18.6,0.5999999999999979,17.175,0.5
Iraq,Middle East,1984,18.8,-0.3999999999999986,18.6,0.1999999999999993,16.775,-0.40000000000000213
Iraq,Middle East,1985,19.3,0.5,18.6,0.6999999999999993,17.275,0.5
Iraq,Middle East,1986,19.6,0.3000000000000007,18.6,1.0,17.575000000000003,0.30000000000000426
Iraq,Middle East,1987,19.1,-0.5,18.6,0.5,17.075000000000003,-0.5
Iraq,Middle East,1988,18.9,-0.20000000000000284,18.6,0.29999999999999716,16.875,-0.20000000000000284
Iraq,Middle East,1989,19.4,0.5,18.6,0.7999999999999972,17.375,0.5
Iraq,Middle East,1990,19.8,0.40000000000000213,18.6,1.1999999999999993,17.775,0.3999999999999986
Iraq,Middle East,1991,19.3,-0.5,18.6,0.6999999999999993,17.275,-0.5
Iraq,Middle East,1992,19.7,0.3999999999999986,18.6,1.0999999999999979,17.675,0.40000000000000213
Iraq,Middle East,1993,20.0,0.3000000000000007,18.6,1.3999999999999986,17.975,0.3000000000000007
Iraq,Middle East,1994,19.5,-0.5,18.6,0.8999999999999986,17.475,-0.5
Iraq,Middle East,1995,20.2,0.6999999999999993,18.6,1.5999999999999979,18.175,0.6999999999999993
Iraq,Middle East,1996,19.8,-0.3999999999999986,18.6,1.1999999999999993,17.775,-0.40000000000000213
Iraq,Middle East,1997,20.4,0.5999999999999979,18.6,1.7999999999999972,18.375,0.6000000000000014
Iraq,Middle East,1998,20.0,-0.3999999999999986,18.6,1.3999999999999986,17.975,-0.3999999999999986
Iraq,Middle East,1999,20.5,0.5,18.6,1.8999999999999986,18.475,0.5
Italy,Europe,1980,10.8,0.0,10.8,0.0,6.314285714285715,0.0
Italy,Europe,1981,11.1,0.29999999999999893,10.8,0.29999999999999893,6.614285714285714,0.29999999999999893
Italy,Europe,1982,10.9,-0.1999999999999993,10.8,0.09999999999999964,6.414285714285714,-0.20000000000000018
Italy,Europe,1983,11.8,0.9000000000000004,10.8,1.0,7.171428571428572,0.757142857142858
Italy,Europe,1984,10.6,-1.200000000000001,10.8,-0.20000000000000107,6.142857142857143,-1.0285714285714285
Italy,Europe,1985,10.9,0.3000000000000007,10.8,0.09999999999999964,6.478571428571429,0.3357142857142854
Italy,Europe,1986,11.4,0.5,10.8,0.5999999999999996,7.0,0.5214285714285714
Italy,Europe,1987,11.2,-0.20000000000000107,10.8,0.3999999999999986,6.821428571428571,-0.17857142857142883
Italy,Europe,1988,10.9,-0.29999999999999893,10.8,0.09999999999999964,6.5,-0.3214285714285712
Italy,Europe,1989,11.5,0.5999999999999996,10.8,0.6999999999999993,7.057142857142857,0.5571428571428569
Italy,Europe,1990,12.0,0.5,10.8,1.1999999999999993,7.692857142857142,0.6357142857142852
Italy,Europe,1991,11.3,-0.6999999999999993,10.8,0.5,6.857142857142857,-0.8357142857142854
Italy,Europe,1992,11.5,0.1999999999999993,10.8,0.6999999999999993,7.078571428571428,0.22142857142857153
Italy,Europe,1993,11.4,-0.09999999999999964,10.8,0.5999999999999996,7.028571428571429,-0.049999999999998934
Italy,Europe,1994,11.9,0.5,10.8,1.0999999999999996,7.45,0.4214285714285708
Italy,Europe,1995,11.7,-0.20000000000000107,10.8,0.8999999999999986,7.328571428571428,-0.12142857142857189
Italy,Europe,1996,11.2,-0.5,10.8,0.3999999999999986,6.8,-0.5285714285714285
Italy,Europe,1997,11.9,0.7000000000000011,10.8,1.0999999999999996,7.521428571428571,0.7214285714285715
Italy,Europe,1998,12.1,0.1999999999999993,10.8,1.299999999999999,7.764285714285713,0.242857142857142
Italy,Europe,1999,12.3,0.20000000000000107,10.8,1.5,7.978571428571429,0.2142857142857153
Japan,Asia,1980,10.2,0.0,10.2,0.0,18.136363636363637,0.0
Japan,Asia,1981,10.5,0.3000000000000007,10.2,0.3000000000000007,18.436363636363637,0.3000000000000007
Japan,Asia,1982,10.3,-0.1999999999999993,10.2,0.10000000000000142,18.236363636363635,-0.20000000000000284
Japan,Asia,1983,10.8,0.5,10.2,0.6000000000000014,18.736363636363635,0.5
Japan,Asia,1984,10.4,-0.40000000000000036,10.2,0.20000000000000107,18.336363636363636,-0.3999999999999986
Japan,Asia,1985,10.9,0.5,10.2,0.7000000000000011,18.818181818181817,0.4818181818181806
Japan,Asia,1986,11.2,0.29999999999999893,10.2,1.0,19.11818181818182,0.30000000000000426
Japan,Asia,1987,10.7,-0.5,10.2,0.5,18.62727272727273,-0.49090909090909207
Japan,Asia,1988,10.5,-0.1999999999999993,10.2,0.3000000000000007,18.418181818181818,-0.20909090909091077
Japan,Asia,1989,11.0,0.5,10.2,0.8000000000000007,18.927272727272726,0.5090909090909079
Japan,Asia,1990,11.4,0.40000000000000036,10.2,1.200000000000001,19.318181818181817,0.39090909090909065
Japan,Asia,1991,10.9,-0.5,10.2,0.7000000000000011,18.827272727272728,-0.4909090909090885
Japan,Asia,1992,11.3,0.40000000000000036,10.2,1.1000000000000014,19.218181818181815,0.3909090909090871
Japan,Asia,1993,11.6,0.29999999999999893,10.2,1.4000000000000004,19.518181818181816,0.3000000000000007
Japan,Asia,1994,11.1,-0.5,10.2,0.9000000000000004,19.018181818181816,-0.5
Japan,Asia,1995,11.8,0.7000000000000011,10.2,1.6000000000000014,19.718181818181815,0.6999999999999993
Japan,Asia,1996,11.4,-0.40000000000000036,10.2,1.200000000000001,19.318181818181817,-0.3999999999999986
Japan,Asia,1997,12.0,0.5999999999999996,10.2,1.8000000000000007,19.918181818181818,0.6000000000000014
Japan,Asia,1998,11.6,-0.40000000000000036,10.2,1.4000000000000004,19.518181818181816,-0.40000000000000213
Japan,Asia,1999,12.1,0.5,10.2,1.9000000000000004,20.018181818181816,0.5
Kenya,Africa,1980,18.3,0.0,18.3,0.0,19.94,0.0
Kenya,Africa,1981,18.6,0.3000000000000007,18.3,0.3000000000000007,20.240000000000002,0.3000000000000007
Kenya,Africa,1982,18.4,-0.20000000000000284,18.3,0.09999999999999787,20.04,-0.20000000000000284
Kenya,Africa,1983,18.9,0.5,18.3,0.5999999999999979,20.54,0.5
Kenya,Africa,1984,18.5,-0.3999999999999986,18.3,0.1999999999999993,20.14,-0.3999999999999986
Kenya,Africa,1985,19.0,0.5,18.3,0.6999999999999993,20.64,0.5
Kenya,Africa,1986,19.3,0.3000000000000007,18.3,1.0,20.94,0.3000000000000007
Kenya,Africa,1987,18.8,-0.5,18.3,0.5,20.44,-0.5
Kenya,Africa,1988,18.6,-0.1999999999999993,18.3,0.3000000000000007,20.240000000000002,-0.1999999999999993
Kenya,Africa,1989,19.1,0.5,18.3,0.8000000000000007,20.740000000000002,0.5
Kenya,Africa,1990,19.5,0.3999999999999986,18.3,1.1999999999999993,21.14,0.3999999999999986
Kenya,Africa,1991,19.0,-0.5,18.3,0.6999999999999993,20.64,-0.5
Kenya,Africa,1992,19.4,0.3999999999999986,18.3,1.0999999999999979,21.04,0.3999999999999986
Kenya,Africa,1993,19.7,0.3000000000000007,18.3,1.3999999999999986,21.34,0.3000000000000007
Kenya,Africa,1994,19.2,-0.5,18.3,0.8999999999999986,20.84,-0.5
Kenya,Africa,1995,19.9,0.6999999999999993,18.3,1.5999999999999979,21.54,0.6999999999999993
Kenya,Africa,1996,19.5,-0.3999999999999986,18.3,1.1999999999999993,21.14,-0.3999999999999986
Kenya,Africa,1997,20.1,0.6000000000000014,18.3,1.8000000000000007,21.740000000000002,0.6000000000000014
Kenya,Africa,1998,19.7,-0.40000000000000213,18.3,1.3999999999999986,21.34,-0.40000000000000213
Kenya,Africa,1999,20.2,0.5,18.3,1.8999999999999986,21.84,0.5
Malaysia,Asia,1980,25.1,0.0,25.1,0.0,18.136363636363637,0.0
Malaysia,Asia,1981,25.4,0.29999999999999716,25.1,0.29999999999999716,18.436363636363637,0.3000000000000007
Malaysia,Asia,1982,25.2,-0.1999999999999993,25.1,0.09999999999999787,18.236363636363635,-0.20000000000000284
Malaysia,Asia,1983,25.7,0.5,25.1,0.5999999999999979,18.736363636363635,0.5
Malaysia,Asia,1984,25.3,-0.3999999999999986,25.1,0.1999999999999993,18.336363636363636,-0.3999999999999986
Malaysia,Asia,1985,25.8,0.5,25.1,0.6999999999999993,18.818181818181817,0.4818181818181806
Malaysia,Asia,1986,26.1,0.3000000000000007,25.1,1.0,19.11818181818182,0.30000000000000426
Malaysia,Asia,1987,25.6,-0.5,25.1,0.5,18.62727272727273,-0.49090909090909207
Malaysia,Asia,1988,25.4,-0.20000000000000284,25.1,0.29999999999999716,18.418181818181818,-0.20909090909091077
Malaysia,Asia,1989,25.9,0.5,25.1,0.7999999999999972,18.927272727272726,0.5090909090909079
Malaysia,Asia,1990,26.3,0.40000000000000213,25.1,1.1999999999999993,19.318181818181817,0.39090909090909065
Malaysia,Asia,1991,25.8,-0.5,25.1,0.6999999999999993,18.827272727272728,-0.4909090909090885
Malaysia,Asia,1992,26.2,0.3999999999999986,25.1,1.0999999999999979,19.218181818181815,0.3909090909090871
Malaysia,Asia,1993,26.5,0.3000000000000007,25.1,1.3999999999999986,19.518181818181816,0.3000000000000007
Malaysia,Asia,1994,26.0,-0.5,25.1,0.8999999999999986,19.018181818181816,-0.5
Malaysia,Asia,1995,26.7,0.6999999999999993,25.1,1.5999999999999979,19.718181818181815,0.6999999999999993
Malaysia,Asia,1996,26.3,-0.3999999999999986,25.1,1.1999999999999993,19.318181818181817,-0.3999999999999986
Malaysia,Asia,1997,26.9,0.5999999999999979,25.1,1.7999999999999972,19.918181818181818,0.6000000000000014
Malaysia,Asia,1998,26.5,-0.3999999999999986,25.1,1.3999999999999986,19.518181818181816,-0.40000000000000213
Malaysia,Asia,1999,27.0,0.5,25.1,1.8999999999999986,20.018181818181816,0.5
Mexico,North America,1980,16.5,0.0,16.5,0.0,6.833333333333333,0.0
Mexico,North America,1981,16.8,0.3000000000000007,16.5,0.3000000000000007,7.133333333333333,0.2999999999999998
Mexico,North America,1982,16.6,-0.1999999999999993,16.5,0.10000000000000142,6.933333333333334,-0.1999999999999993
Mexico,North America,1983,17.1,0.5,16.5,0.6000000000000014,7.466666666666668,0.5333333333333341
Mexico,North America,1984,16.7,-0.40000000000000213,16.5,0.1999999999999993,7.033333333333334,-0.43333333333333357
Mexico,North America,1985,17.2,0.5,16.5,0.6999999999999993,7.466666666666666,0.4333333333333318
Mexico,North America,1986,17.5,0.3000000000000007,16.5,1.0,7.766666666666666,0.2999999999999998
Mexico,North America,1987,17.0,-0.5,16.5,0.5,7.3,-0.4666666666666659
Mexico,North America,1988,16.8,-0.1999999999999993,16.5,0.3000000000000007,7.033333333333334,-0.2666666666666657
Mexico,North America,1989,17.3,0.5,16.5,0.8000000000000007,7.566666666666667,0.5333333333333332
Mexico,North America,1990,17.7,0.3999999999999986,16.5,1.1999999999999993,7.966666666666666,0.3999999999999986
Mexico,North America,1991,17.2,-0.5,16.5,0.6999999999999993,7.3999999999999995,-0.5666666666666664
Mexico,North America,1992,17.6,0.40000000000000213,16.5,1.1000000000000014,7.866666666666667,0.4666666666666677
Mexico,North America,1993,17.9,0.29999999999999716,16.5,1.3999999999999986,8.166666666666666,0.29999999999999893
Mexico,North America,1994,17.4,-0.5,16.5,0.8999999999999986,7.666666666666667,-0.4999999999999991
Mexico,North America,1995,18.1,0.7000000000000028,16.5,1.6000000000000014,8.366666666666667,0.7000000000000002
Mexico,North America,1996,17.7,-0.40000000000000213,16.5,1.1999999999999993,8.233333333333334,-0.13333333333333286
Mexico,North America,1997,18.3,0.6000000000000014,16.5,1.8000000000000007,8.466666666666667,0.2333333333333325
Mexico,North America,1998,17.9,-0.40000000000000213,16.5,1.3999999999999986,8.299999999999999,-0.16666666666666785
Mexico,North America,1999,18.4,0.5,16.5,1.8999999999999986,8.766666666666666,0.4666666666666668
Morocco,Africa,1980,16.0,0.0,16.0,0.0,19.94,0.0
Morocco,Africa,1981,16.3,0.3000000000000007,16.0,0.3000000000000007,20.240000000000002,0.3000000000000007
Morocco,Africa,1982,16.1,-0.1999999999999993,16.0,0.10000000000000142,20.04,-0.20000000000000284
Morocco,Africa,1983,16.6,0.5,16.0,0.6000000000000014,20.54,0.5
Morocco,Africa,1984,16.2,-0.40000000000000213,16.0,0.1999999999999993,20.14,-0.3999999999999986
Morocco,Africa,1985,16.7,0.5,16.0,0.6999999999999993,20.64,0.5
Morocco,Africa,1986,17.0,0.3000000000000007,16.0,1.0,20.94,0.3000000000000007
Morocco,Africa,1987,16.5,-0.5,16.0,0.5,20.44,-0.5
Morocco,Africa,1988,16.3,-0.1999999999999993,16.0,0.3000000000000007,20.240000000000002,-0.1999999999999993
Morocco,Africa,1989,16.8,0.5,16.0,0.8000000000000007,20.740000000000002,0.5
Morocco,Africa,1990,17.2,0.3999999999999986,16.0,1.1999999999999993,21.14,0.3999999999999986
Morocco,Africa,1991,16.7,-0.5,16.0,0.6999999999999993,20.64,-0.5
Morocco,Africa,1992,17.1,0.40000000000000213,16.0,1.1000000000000014,21.04,0.3999999999999986
Morocco,Africa,1993,17.4,0.29999999999999716,16.0,1.3999999999999986,21.34,0.3000000000000007
Morocco,Africa,1994,16.9,-0.5,16.0,0.8999999999999986,20.84,-0.5
Morocco,Africa,1995,17.6,0.7000000000000028,16.0,1.6000000000000014,21.54,0.6999999999999993
Morocco,Africa,1996,17.2,-0.40000000000000213,16.0,1.1999999999999993,21.14,-0.3999999999999986
Morocco,Africa,1997,17.8,0.6000000000000014,16.0,1.8000000000000007,21.740000000000002,0.6000000000000014
Morocco,Africa,1998,17.4,-0.40000000000000213,16.0,1.3999999999999986,21.34,-0.40000000000000213
Morocco,Africa,1999,17.9,0.5,16.0,1.8999999999999986,21.84,0.5
Netherlands,Europe,1980,8.1,0.0,8.1,0.0,6.314285714285715,0.0
Netherlands,Europe,1981,8.4,0.3000000000000007,8.1,0.3000000000000007,6.614285714285714,0.29999999999999893
Netherlands,Europe,1982,8.2,-0.20000000000000107,8.1,0.09999999999999964,6.414285714285714,-0.20000000000000018
Netherlands,Europe,1983,9.0,0.8000000000000007,8.1,0.9000000000000004,7.171428571428572,0.757142857142858
Netherlands,Europe,1984,7.9,-1.0999999999999996,8.1,-0.1999999999999993,6.142857142857143,-1.0285714285714285
Netherlands,Europe,1985,8.2,0.29999999999999893,8.1,0.09999999999999964,6.478571428571429,0.3357142857142854
Netherlands,Europe,1986,8.7,0.5,8.1,0.5999999999999996,7.0,0.5214285714285714
Netherlands,Europe,1987,8.5,-0.1999999999999993,8.1,0.40000000000000036,6.821428571428571,-0.17857142857142883
Netherlands,Europe,1988,8.2,-0.3000000000000007,8.1,0.09999999999999964,6.5,-0.3214285714285712
Netherlands,Europe,1989,8.8,0.6000000000000014,8.1,0.7000000000000011,7.057142857142857,0.5571428571428569
Netherlands,Europe,1990,9.5,0.6999999999999993,8.1,1.4000000000000004,7.692857142857142,0.6357142857142852
Netherlands,Europe,1991,8.6,-0.9000000000000004,8.1,0.5,6.857142857142857,-0.8357142857142854
Netherlands,Europe,1992,8.8,0.20000000000000107,8.1,0.7000000000000011,7.078571428571428,0.22142857142857153
Netherlands,Europe,1993,8.7,-0.10000000000000142,8.1,0.5999999999999996,7.028571428571429,-0.049999999999998934
Netherlands,Europe,1994,9.2,0.5,8.1,1.0999999999999996,7.45,0.4214285714285708
Netherlands,Europe,1995,9.0,-0.1999999999999993,8.1,0.9000000000000004,7.328571428571428,-0.12142857142857189
Netherlands,Europe,1996,8.4,-0.5999999999999996,8.1,0.3000000000000007,6.8,-0.5285714285714285
Netherlands,Europe,1997,9.2,0.7999999999999989,8.1,1.0999999999999996,7.521428571428571,0.7214285714285715
Netherlands,Europe,1998,9.4,0.20000000000000107,8.1,1.3000000000000007,7.764285714285713,0.242857142857142
Netherlands,Europe,1999,9.6,0.1999999999999993,8.1,1.5,7.978571428571429,0.2142857142857153
New Zealand,Oceania,1980,10.6,0.0,10.6,0.0,15.350000000000001,0.0
New Zealand,Oceania,1981,10.9,0.3000000000000007,10.6,0.3000000000000007,15.649999999999999,0.29999999999999716
New Zealand,Oceania,1982,10.7,-0.20000000000000107,10.6,0.09999999999999964,15.799999999999999,0.15000000000000036
New Zealand,Oceania,1983,11.2,0.5,10.6,0.5999999999999996,15.9,0.10000000000000142
New Zealand,Oceania,1984,10.8,-0.3999999999999986,10.6,0.20000000000000107,15.55,-0.34999999999999964
New Zealand,Oceania,1985,11.3,0.5,10.6,0.7000000000000011,16.0,0.4499999999999993
New Zealand,Oceania,1986,11.6,0.29999999999999893,10.6,1.0,16.35,0.3500000000000014
New Zealand,Oceania,1987,11.1,-0.5,10.6,0.5,15.8,-0.5500000000000007
New Zealand,Oceania,1988,10.9,-0.1999999999999993,10.6,0.3000000000000007,15.55,-0.25
New Zealand,Oceania,1989,11.4,0.5,10.6,0.8000000000000007,16.1,0.5500000000000007
New Zealand,Oceania,1990,11.8,0.40000000000000036,10.6,1.200000000000001,16.1,0.0
New Zealand,Oceania,1991,11.3,-0.5,10.6,0.7000000000000011,15.65,-0.45000000000000107
New Zealand,Oceania,1992,11.7,0.3999999999999986,10.6,1.0999999999999996,16.45,0.7999999999999989
New Zealand,Oceania,1993,12.0,0.3000000000000007,10.6,1.4000000000000004,16.8,0.3500000000000014
New Zealand,Oceania,1994,11.5,-0.5,10.6,0.9000000000000004,16.4,-0.40000000000000213
New Zealand,Oceania,1995,12.2,0.6999999999999993,10.6,1.5999999999999996,17.049999999999997,0.6499999999999986
New Zealand,Oceania,1996,11.8,-0.3999999999999986,10.6,1.200000000000001,16.65,-0.3999999999999986
New Zealand,Oceania,1997,12.4,0.5999999999999996,10.6,1.8000000000000007,17.25,0.6000000000000014
New Zealand,Oceania,1998,12.0,-0.40000000000000036,10.6,1.4000000000000004,17.2,-0.05000000000000071
New Zealand,Oceania,1999,12.5,0.5,10.6,1.9000000000000004,17.15,-0.05000000000000071
Nigeria,Africa,1980,25.3,0.0,25.3,0.0,19.94,0.0
Nigeria,Africa,1981,25.6,0.3000000000000007,25.3,0.3000000000000007,20.240000000000002,0.3000000000000007
Nigeria,Africa,1982,25.4,-0.20000000000000284,25.3,0.09999999999999787,20.04,-0.20000000000000284
Nigeria,Africa,1983,25.9,0.5,25.3,0.5999999999999979,20.54,0.5
Nigeria,Africa,1984,25.5,-0.3999999999999986,25.3,0.1999999999999993,20.14,-0.3999999999999986
Nigeria,Africa,1985,26.0,0.5,25.3,0.6999999999999993,20.64,0.5
Nigeria,Africa,1986,26.3,0.3000000000000007,25.3,1.0,20.94,0.3000000000000007
Nigeria,Africa,1987,25.8,-0.5,25.3,0.5,20.44,-0.5
Nigeria,Africa,1988,25.6,-0.1999999999999993,25.3,0.3000000000000007,20.240000000000002,-0.1999999999999993
Nigeria,Africa,1989,26.1,0.5,25.3,0.8000000000000007,20.740000000000002,0.5
Nigeria,Africa,1990,26.5,0.3999999999999986,25.3,1.1999999999999993,21.14,0.3999999999999986
Nigeria,Africa,1991,26.0,-0.5,25.3,0.6999999999999993,20.64,-0.5
Nigeria,Africa,1992,26.4,0.3999999999999986,25.3,1.0999999999999979,21.04,0.3999999999999986
Nigeria,Africa,1993,26.7,0.3000000000000007,25.3,1.3999999999999986,21.34,0.3000000000000007
Nigeria,Africa,1994,26.2,-0.5,25.3,0.8999999999999986,20.84,-0.5
Nigeria,Africa,1995,26.9,0.6999999999999993,25.3,1.5999999999999979,21.54,0.6999999999999993
Nigeria,Africa,1996,26.5,-0.3999999999999986,25.3,1.1999999999999993,21.14,-0.3999999999999986
Nigeria,Africa,1997,27.1,0.6000000000000014,25.3,1.8000000000000007,21.740000000000002,0.6000000000000014
Nigeria,Africa,1998,26.7,-0.40000000000000213,25.3,1.3999999999999986,21.34,-0.40000000000000213
Nigeria,Africa,1999,27.2,0.5,25.3,1.8999999999999986,21.84,0.5
Norway,Europe,1980,-0.1,0.0,-0.1,0.0,6.314285714285715,0.0
Norway,Europe,1981,0.2,0.30000000000000004,-0.1,0.30000000000000004,6.614285714285714,0.29999999999999893
Norway,Europe,1982,0.0,-0.2,-0.1,0.1,6.414285714285714,-0.20000000000000018
Norway,Europe,1983,0.6,0.6,-0.1,0.7,7.171428571428572,0.757142857142858
Norway,Europe,1984,-0.3,-0.8999999999999999,-0.1,-0.19999999999999998,6.142857142857143,-1.0285714285714285
Norway,Europe,1985,0.1,0.4,-0.1,0.2,6.478571428571429,0.3357142857142854
Norway,Europe,1986,0.7,0.6,-0.1,0.7999999999999999,7.0,0.5214285714285714
Norway,Europe,1987,0.5,-0.19999999999999996,-0.1,0.6,6.821428571428571,-0.17857142857142883
Norway,Europe,1988,0.2,-0.3,-0.1,0.30000000000000004,6.5,-0.3214285714285712
Norway,Europe,1989,0.7,0.49999999999999994,-0.1,0.7999999999999999,7.057142857142857,0.5571428571428569
Norway,Europe,1990,1.4,0.7,-0.1,1.5,7.692857142857142,0.6357142857142852
Norway,Europe,1991,0.5,-0.8999999999999999,-0.1,0.6,6.857142857142857,-0.8357142857142854
Norway,Europe,1992,0.7,0.19999999999999996,-0.1,0.7999999999999999,7.078571428571428,0.22142857142857153
Norway,Europe,1993,0.7,0.0,-0.1,0.7999999999999999,7.028571428571429,-0.049999999999998934
Norway,Europe,1994,1.2,0.5,-0.1,1.3,7.45,0.4214285714285708
Norway,Europe,1995,1.1,-0.09999999999999987,-0.1,1.2000000000000002,7.328571428571428,-0.12142857142857189
Norway,Europe,1996,0.4,-0.7000000000000001,-0.1,0.5,6.8,-0.5285714285714285
Norway,Europe,1997,1.2,0.7999999999999999,-0.1,1.3,7.521428571428571,0.7214285714285715
Norway,Europe,1998,1.5,0.30000000000000004,-0.1,1.6,7.764285714285713,0.242857142857142
Norway,Europe,1999,1.7,0.19999999999999996,-0.1,1.8,7.978571428571429,0.2142857142857153
Pakistan,Asia,1980,18.8,0.0,18.8,0.0,18.136363636363637,0.0
Pakistan,Asia,1981,19.1,0.3000000000000007,18.8,0.3000000000000007,18.436363636363637,0.3000000000000007
Pakistan,Asia,1982,18.9,-0.20000000000000284,18.8,0.09999999999999787,18.236363636363635,-0.20000000000000284
Pakistan,Asia,1983,19.4,0.5,18.8,0.5999999999999979,18.736363636363635,0.5
Pakistan,Asia,1984,19.0,-0.3999999999999986,18.8,0.1999999999999993,18.336363636363636,-0.3999999999999986
Pakistan,Asia,1985,19.5,0.5,18.8,0.6999999999999993,18.818181818181817,0.4818181818181806
Pakistan,Asia,1986,19.8,0.3000000000000007,18.8,1.0,19.11818181818182,0.30000000000000426
Pakistan,Asia,1987,19.3,-0.5,18.8,0.5,18.62727272727273,-0.49090909090909207
Pakistan,Asia,1988,19.1,-0.1999999999999993,18.8,0.3000000000000007,18.418181818181818,-0.20909090909091077
Pakistan,Asia,1989,19.6,0.5,18.8,0.8000000000000007,18.927272727272726,0.5090909090909079
Pakistan,Asia,1990,20.0,0.3999999999999986,18.8,1.1999999999999993,19.318181818181817,0.39090909090909065
Pakistan,Asia,1991,19.5,-0.5,18.8,0.6999999999999993,18.827272727272728,-0.4909090909090885
Pakistan,Asia,1992,19.9,0.3999999999999986,18.8,1.0999999999999979,19.218181818181815,0.3909090909090871
Pakistan,Asia,1993,20.2,0.3000000000000007,18.8,1.3999999999999986,19.518181818181816,0.3000000000000007
Pakistan,Asia,1994,19.7,-0.5,18.8,0.8999999999999986,19.018181818181816,-0.5
Pakistan,Asia,1995,20.4,0.6999999999999993,18.8,1.5999999999999979,19.718181818181815,0.6999999999999993
Pakistan,Asia,1996,20.0,-0.3999999999999986,18.8,1.1999999999999993,19.318181818181817,-0.3999999999999986
Pakistan,Asia,1997,20.6,0.6000000000000014,18.8,1.8000000000000007,19.918181818181818,0.6000000000000014
Pakistan,Asia,1998,20.2,-0.40000000000000213,18.8,1.3999999999999986,19.518181818181816,-0.40000000000000213
Pakistan,Asia,1999,20.7,0.5,18.8,1.8999999999999986,20.018181818181816,0.5
Peru,South America,1980,17.3,0.0,17.3,0.0,19.419999999999998,0.0
Peru,South America,1981,17.6,0.3000000000000007,17.3,0.3000000000000007,19.72,0.3000000000000007
Peru,South America,1982,17.4,-0.20000000000000284,17.3,0.09999999999999787,19.52,-0.1999999999999993
Peru,South America,1983,17.9,0.5,17.3,0.5999999999999979,20.02,0.5
Peru,South America,1984,17.5,-0.3999999999999986,17.3,0.1999999999999993,19.619999999999997,-0.40000000000000213
Peru,South America,1985,18.0,0.5,17.3,0.6999999999999993,20.080000000000002,0.4600000000000044
Peru,South America,1986,18.3,0.3000000000000007,17.3,1.0,20.380000000000003,0.3000000000000007
Peru,South America,1987,17.8,-0.5,17.3,0.5,19.9,-0.480000000000004
Peru,South America,1988,17.6,-0.1999999999999993,17.3,0.3000000000000007,19.68,-0.21999999999999886
Peru,South America,1989,18.1,0.5,17.3,0.8000000000000007,20.2,0.5199999999999996
Peru,South America,1990,18.5,0.3999999999999986,17.3,1.1999999999999993,20.580000000000002,0.38000000000000256
Peru,South America,1991,18.0,-0.5,17.3,0.6999999999999993,20.1,-0.4800000000000004
Peru,South America,1992,18.4,0.3999999999999986,17.3,1.0999999999999979,20.48,0.379999999999999
Peru,South America,1993,18.7,0.3000000000000007,17.3,1.3999999999999986,20.78,0.3000000000000007
Peru,South America,1994,18.2,-0.5,17.3,0.8999999999999986,20.28,-0.5
Peru,South America,1995,18.9,0.6999999999999993,17.3,1.5999999999999979,20.98,0.6999999999999993
Peru,South America,1996,18.5,-0.3999999999999986,17.3,1.1999999999999993,20.580000000000002,-0.3999999999999986
Peru,South America,1997,19.1,0.6000000000000014,17.3,1.8000000000000007,21.18,0.5999999999999979
Peru,South America,1998,18.7,-0.40000000000000213,17.3,1.3999999999999986,20.78,-0.3999999999999986
Peru,South America,1999,19.2,0.5,17.3,1.8999999999999986,21.28,0.5
Philippines,Asia,1980,25.6,0.0,25.6,0.0,18.136363636363637,0.0
Philippines,Asia,1981,25.9,0.29999999999999716,25.6,0.29999999999999716,18.436363636363637,0.3000000000000007
Philippines,Asia,1982,25.7,-0.1999999999999993,25.6,0.09999999999999787,18.236363636363635,-0.20000000000000284
Philippines,Asia,1983,26.2,0.5,25.6,0.5999999999999979,18.736363636363635,0.5
Philippines,Asia,1984,25.8,-0.3999999999999986,25.6,0.1999999999999993,18.336363636363636,-0.3999999999999986
Philippines,Asia,1985,26.3,0.5,25.6,0.6999999999999993,18.818181818181817,0.4818181818181806
Philippines,Asia,1986,26.6,0.3000000000000007,25.6,1.0,19.11818181818182,0.30000000000000426
Philippines,Asia,1987,26.1,-0.5,25.6,0.5,18.62727272727273,-0.49090909090909207
Philippines,Asia,1988,25.9,-0.20000000000000284,25.6,0.29999999999999716,18.418181818181818,-0.20909090909091077
Philippines,Asia,1989,26.4,0.5,25.6,0.7999999999999972,18.927272727272726,0.5090909090909079
Philippines,Asia,1990,26.8,0.40000000000000213,25.6,1.1999999999999993,19.318181818181817,0.39090909090909065
Philippines,Asia,1991,26.3,-0.5,25.6,0.6999999999999993,18.827272727272728,-0.4909090909090885
Philippines,Asia,1992,26.7,0.3999999999999986,25.6,1.0999999999999979,19.218181818181815,0.3909090909090871
Philippines,Asia,1993,27.0,0.3000000000000007,25.6,1.3999999999999986,19.518181818181816,0.3000000000000007
Philippines,Asia,1994,26.5,-0.5,25.6,0.8999999999999986,19.018181818181816,-0.5
Philippines,Asia,1995,27.2,0.6999999999999993,25.6,1.5999999999999979,19.718181818181815,0.6999999999999993
Philippines,Asia,1996,26.8,-0.3999999999999986,25.6,1.1999999999999993,19.318181818181817,-0.3999999999999986
Philippines,Asia,1997,27.4,0.5999999999999979,25.6,1.7999999999999972,19.918181818181818,0.6000000000000014
Philippines,Asia,1998,27.0,-0.3999999999999986,25.6,1.3999999999999986,19.518181818181816,-0.40000000000000213
Philippines,Asia,1999,27.5,0.5,25.6,1.8999999999999986,20.018181818181816,0.5
Poland,Europe,1980,5.9,0.0,5.9,0.0,6.314285714285715,0.0
Poland,Europe,1981,6.2,0.2999999999999998,5.9,0.2999999999999998,6.614285714285714,0.29999999999999893
Poland,Europe,1982,6.0,-0.20000000000000018,5.9,0.09999999999999964,6.414285714285714,-0.20000000000000018
Poland,Europe,1983,6.7,0.7000000000000002,5.9,0.7999999999999998,7.171428571428572,0.757142857142858
Poland,Europe,1984,5.7,-1.0,5.9,-0.20000000000000018,6.142857142857143,-1.0285714285714285
Poland,Europe,1985,6.0,0.2999999999999998,5.9,0.09999999999999964,6.478571428571429,0.3357142857142854
Poland,Europe,1986,6.5,0.5,5.9,0.5999999999999996,7.0,0.5214285714285714
Poland,Europe,1987,6.3,-0.20000000000000018,5.9,0.39999999999999947,6.821428571428571,-0.17857142857142883
Poland,Europe,1988,6.0,-0.2999999999999998,5.9,0.09999999999999964,6.5,-0.3214285714285712
Poland,Europe,1989,6.6,0.5999999999999996,5.9,0.6999999999999993,7.057142857142857,0.5571428571428569
Poland,Europe,1990,7.3,0.7000000000000002,5.9,1.3999999999999995,7.692857142857142,0.6357142857142852
Poland,Europe,1991,6.4,-0.8999999999999995,5.9,0.5,6.857142857142857,-0.8357142857142854
Poland,Europe,1992,6.6,0.1999999999999993,5.9,0.6999999999999993,7.078571428571428,0.22142857142857153
Poland,Europe,1993,6.5,-0.09999999999999964,5.9,0.5999999999999996,7.028571428571429,-0.049999999999998934
Poland,Europe,1994,7.0,0.5,5.9,1.0999999999999996,7.45,0.4214285714285708
Poland,Europe,1995,6.8,-0.20000000000000018,5.9,0.8999999999999995,7.328571428571428,-0.12142857142857189
Poland,Europe,1996,6.2,-0.5999999999999996,5.9,0.2999999999999998,6.8,-0.5285714285714285
Poland,Europe,1997,7.0,0.7999999999999998,5.9,1.0999999999999996,7.521428571428571,0.7214285714285715
Poland,Europe,1998,7.2,0.20000000000000018,5.9,1.2999999999999998,7.764285714285713,0.242857142857142
Poland,Europe,1999,7.4,0.20000000000000018,5.9,1.5,7.978571428571429,0.2142857142857153
Portugal,Europe,1980,13.2,0.0,13.2,0.0,6.314285714285715,0.0
Portugal,Europe,1981,13.5,0.3000000000000007,13.2,0.3000000000000007,6.614285714285714,0.29999999999999893
Portugal,Europe,1982,13.3,-0.1999999999999993,13.2,0.10000000000000142,6.414285714285714,-0.20000000000000018
Portugal,Europe,1983,14.2,0.8999999999999986,13.2,1.0,7.171428571428572,0.757142857142858
Portugal,Europe,1984,13.0,-1.1999999999999993,13.2,-0.1999999999999993,6.142857142857143,-1.0285714285714285
Portugal,Europe,1985,13.4,0.40000000000000036,13.2,0.20000000000000107,6.478571428571429,0.3357142857142854
Portugal,Europe,1986,13.9,0.5,13.2,0.7000000000000011,7.0,0.5214285714285714
Portugal,Europe,1987,13.7,-0.20000000000000107,13.2,0.5,6.821428571428571,-0.17857142857142883
Portugal,Europe,1988,13.4,-0.29999999999999893,13.2,0.20000000000000107,6.5,-0.3214285714285712
Portugal,Europe,1989,14.0,0.5999999999999996,13.2,0.8000000000000007,7.057142857142857,0.5571428571428569
Portugal,Europe,1990,14.7,0.6999999999999993,13.2,1.5,7.692857142857142,0.6357142857142852
Portugal,Europe,1991,13.8,-0.8999999999999986,13.2,0.6000000000000014,6.857142857142857,-0.8357142857142854
Portugal,Europe,1992,14.0,0.1999999999999993,13.2,0.8000000000000007,7.078571428571428,0.22142857142857153
Portugal,Europe,1993,13.9,-0.09999999999999964,13.2,0.7000000000000011,7.028571428571429,-0.049999999999998934
Portugal,Europe,1994,14.4,0.5,13.2,1.200000000000001,7.45,0.4214285714285708
Portugal,Europe,1995,14.2,-0.20000000000000107,13.2,1.0,7.328571428571428,-0.12142857142857189
Portugal,Europe,1996,13.7,-0.5,13.2,0.5,6.8,-0.5285714285714285
Portugal,Europe,1997,14.5,0.8000000000000007,13.2,1.3000000000000007,7.521428571428571,0.7214285714285715
Portugal,Europe,1998,14.7,0.1999999999999993,13.2,1.5,7.764285714285713,0.242857142857142
Portugal,Europe,1999,14.9,0.20000000000000107,13.2,1.700000000000001,7.978571428571429,0.2142857142857153
Romania,Europe,1980,7.2,0.0,7.2,0.0,6.314285714285715,0.0
Romania,Europe,1981,7.5,0.2999999999999998,7.2,0.2999999999999998,6.614285714285714,0.29999999999999893
Romania,Europe,1982,7.3,-0.20000000000000018,7.2,0.09999999999999964,6.414285714285714,-0.20000000000000018
Romania,Europe,1983,8.0,0.7000000000000002,7.2,0.7999999999999998,7.171428571428572,0.757142857142858
Romania,Europe,1984,7.0,-1.0,7.2,-0.20000000000000018,6.142857142857143,-1.0285714285714285
Romania,Europe,1985,7.3,0.2999999999999998,7.2,0.09999999999999964,6.478571428571429,0.3357142857142854
Romania,Europe,1986,7.9,0.6000000000000005,7.2,0.7000000000000002,7.0,0.5214285714285714
Romania,Europe,1987,7.7,-0.20000000000000018,7.2,0.5,6.821428571428571,-0.17857142857142883
Romania,Europe,1988,7.4,-0.2999999999999998,7.2,0.20000000000000018,6.5,-0.3214285714285712
Romania,Europe,1989,8.0,0.5999999999999996,7.2,0.7999999999999998,7.057142857142857,0.5571428571428569
Romania,Europe,1990,8.5,0.5,7.2,1.2999999999999998,7.692857142857142,0.6357142857142852
Romania,Europe,1991,7.9,-0.5999999999999996,7.2,0.7000000000000002,6.857142857142857,-0.8357142857142854
Romania,Europe,1992,8.1,0.1999999999999993,7.2,0.8999999999999995,7.078571428571428,0.22142857142857153
Romania,Europe,1993,8.0,-0.09999999999999964,7.2,0.7999999999999998,7.028571428571429,-0.049999999999998934
Romania,Europe,1994,8.5,0.5,7.2,1.2999999999999998,7.45,0.4214285714285708
Romania,Europe,1995,8.3,-0.1999999999999993,7.2,1.1000000000000005,7.328571428571428,-0.12142857142857189
Romania,Europe,1996,7.7,-0.6000000000000005,7.2,0.5,6.8,-0.5285714285714285
Romania,Europe,1997,8.5,0.7999999999999998,7.2,1.2999999999999998,7.521428571428571,0.7214285714285715
Romania,Europe,1998,8.7,0.1999999999999993,7.2,1.4999999999999991,7.764285714285713,0.242857142857142
Romania,Europe,1999,8.9,0.20000000000000107,7.2,1.7000000000000002,7.978571428571429,0.2142857142857153
Russia,Europe,1980,-4.8,0.0,-4.8,0.0,6.314285714285715,0.0
Russia,Europe,1981,-4.5,0.2999999999999998,-4.8,0.2999999999999998,6.614285714285714,0.29999999999999893
Russia,Europe,1982,-4.7,-0.20000000000000018,-4.8,0.09999999999999964,6.414285714285714,-0.20000000000000018
Russia,Europe,1983,-4.2,0.5,-4.8,0.5999999999999996,7.171428571428572,0.757142857142858
Russia,Europe,1984,-4.6,-0.39999999999999947,-4.8,0.20000000000000018,6.142857142857143,-1.0285714285714285
Russia,Europe,1985,-4.3,0.2999999999999998,-4.8,0.5,6.478571428571429,0.3357142857142854
Russia,Europe,1986,-4.0,0.2999999999999998,-4.8,0.7999999999999998,7.0,0.5214285714285714
Russia,Europe,1987,-4.4,-0.40000000000000036,-4.8,0.39999999999999947,6.821428571428571,-0.17857142857142883
Russia,Europe,1988,-4.7,-0.2999999999999998,-4.8,0.09999999999999964,6.5,-0.3214285714285712
Russia,Europe,1989,-4.1,0.6000000000000005,-4.8,0.7000000000000002,7.057142857142857,0.5571428571428569
Russia,Europe,1990,-3.7,0.39999999999999947,-4.8,1.0999999999999996,7.692857142857142,0.6357142857142852
Russia,Europe,1991,-4.4,-0.7000000000000002,-4.8,0.39999999999999947,6.857142857142857,-0.8357142857142854
Russia,Europe,1992,-4.0,0.40000000000000036,-4.8,0.7999999999999998,7.078571428571428,0.22142857142857153
Russia,Europe,1993,-3.7,0.2999999999999998,-4.8,1.0999999999999996,7.028571428571429,-0.049999999999998934
Russia,Europe,1994,-4.2,-0.5,-4.8,0.5999999999999996,7.45,0.4214285714285708
Russia,Europe,1995,-3.5,0.7000000000000002,-4.8,1.2999999999999998,7.328571428571428,-0.12142857142857189
Russia,Europe,1996,-3.1,0.3999999999999999,-4.8,1.6999999999999997,6.8,-0.5285714285714285
Russia,Europe,1997,-3.6,-0.5,-4.8,1.1999999999999997,7.521428571428571,0.7214285714285715
Russia,Europe,1998,-3.3,0.30000000000000027,-4.8,1.5,7.764285714285713,0.242857142857142
Russia,Europe,1999,-2.9,0.3999999999999999,-4.8,1.9,7.978571428571429,0.2142857142857153
Saudi Arabia,Middle East,1980,22.3,0.0,22.3,0.0,16.575000000000003,0.0
Saudi Arabia,Middle East,1981,22.6,0.3000000000000007,22.3,0.3000000000000007,16.875,0.29999999999999716
Saudi Arabia,Middle East,1982,22.4,-0.20000000000000284,22.3,0.09999999999999787,16.675,-0.1999999999999993
Saudi Arabia,Middle East,1983,22.9,0.5,22.3,0.5999999999999979,17.175,0.5
Saudi Arabia,Middle East,1984,22.5,-0.3999999999999986,22.3,0.1999999999999993,16.775,-0.40000000000000213
Saudi Arabia,Middle East,1985,23.0,0.5,22.3,0.6999999999999993,17.275,0.5
Saudi Arabia,Middle East,1986,23.3,0.3000000000000007,22.3,1.0,17.575000000000003,0.30000000000000426
Saudi Arabia,Middle East,1987,22.8,-0.5,22.3,0.5,17.075000000000003,-0.5
Saudi Arabia,Middle East,1988,22.6,-0.1999999999999993,22.3,0.3000000000000007,16.875,-0.20000000000000284
Saudi Arabia,Middle East,1989,23.1,0.5,22.3,0.8000000000000007,17.375,0.5
Saudi Arabia,Middle East,1990,23.5,0.3999999999999986,22.3,1.1999999999999993,17.775,0.3999999999999986
Saudi Arabia,Middle East,1991,23.0,-0.5,22.3,0.6999999999999993,17.275,-0.5
Saudi Arabia,Middle East,1992,23.4,0.3999999999999986,22.3,1.0999999999999979,17.675,0.40000000000000213
Saudi Arabia,Middle East,1993,23.7,0.3000000000000007,22.3,1.3999999999999986,17.975,0.3000000000000007
Saudi Arabia,Middle East,1994,23.2,-0.5,22.3,0.8999999999999986,17.475,-0.5
Saudi Arabia,Middle East,1995,23.9,0.6999999999999993,22.3,1.5999999999999979,18.175,0.6999999999999993
Saudi Arabia,Middle East,1996,23.5,-0.3999999999999986,22.3,1.1999999999999993,17.775,-0.40000000000000213
Saudi Arabia,Middle East,1997,24.1,0.6000000000000014,22.3,1.8000000000000007,18.375,0.6000000000000014
Saudi Arabia,Middle East,1998,23.7,-0.40000000000000213,22.3,1.3999999999999986,17.975,-0.3999999999999986
Saudi Arabia,Middle East,1999,24.2,0.5,22.3,1.8999999999999986,18.475,0.5
South Africa,Africa,1980,14.6,0.0,14.6,0.0,19.94,0.0
South Africa,Africa,1981,14.9,0.3000000000000007,14.6,0.3000000000000007,20.240000000000002,0.3000000000000007
South Africa,Africa,1982,14.7,-0.20000000000000107,14.6,0.09999999999999964,20.04,-0.20000000000000284
South Africa,Africa,1983,15.2,0.5,14.6,0.5999999999999996,20.54,0.5
South Africa,Africa,1984,14.8,-0.3999999999999986,14.6,0.20000000000000107,20.14,-0.3999999999999986
South Africa,Africa,1985,15.3,0.5,14.6,0.7000000000000011,20.64,0.5
South Africa,Africa,1986,15.6,0.29999999999999893,14.6,1.0,20.94,0.3000000000000007
South Africa,Africa,1987,15.1,-0.5,14.6,0.5,20.44,-0.5
South Africa,Africa,1988,14.9,-0.1999999999999993,14.6,0.3000000000000007,20.240000000000002,-0.1999999999999993
South Africa,Africa,1989,15.4,0.5,14.6,0.8000000000000007,20.740000000000002,0.5
South Africa,Africa,1990,15.8,0.40000000000000036,14.6,1.200000000000001,21.14,0.3999999999999986
South Africa,Africa,1991,15.3,-0.5,14.6,0.7000000000000011,20.64,-0.5
South Africa,Africa,1992,15.7,0.3999999999999986,14.6,1.0999999999999996,21.04,0.3999999999999986
South Africa,Africa,1993,16.0,0.3000000000000007,14.6,1.4000000000000004,21.34,0.3000000000000007
South Africa,Africa,1994,15.5,-0.5,14.6,0.9000000000000004,20.84,-0.5
South Africa,Africa,1995,16.2,0.6999999999999993,14.6,1.5999999999999996,21.54,0.6999999999999993
South Africa,Africa,1996,15.8,-0.3999999999999986,14.6,1.200000000000001,21.14,-0.3999999999999986
South Africa,Africa,1997,16.4,0.5999999999999979,14.6,1.799999999999999,21.740000000000002,0.6000000000000014
South Africa,Africa,1998,16.0,-0.3999999999999986,14.6,1.4000000000000004,21.34,-0.40000000000000213
South Africa,Africa,1999,16.5,0.5,14.6,1.9000000000000004,21.84,0.5
South Korea,Asia,1980,9.5,0.0,9.5,0.0,18.136363636363637,0.0
South Korea,Asia,1981,9.8,0.3000000000000007,9.5,0.3000000000000007,18.436363636363637,0.3000000000000007
South Korea,Asia,1982,9.6,-0.20000000000000107,9.5,0.09999999999999964,18.236363636363635,-0.20000000000000284
South Korea,Asia,1983,10.1,0.5,9.5,0.5999999999999996,18.736363636363635,0.5
South Korea,Asia,1984,9.7,-0.40000000000000036,9.5,0.1999999999999993,18.336363636363636,-0.3999999999999986
South Korea,Asia,1985,10.2,0.5,9.5,0.6999999999999993,18.818181818181817,0.4818181818181806
South Korea,Asia,1986,10.5,0.3000000000000007,9.5,1.0,19.11818181818182,0.30000000000000426
South Korea,Asia,1987,10.0,-0.5,9.5,0.5,18.62727272727273,-0.49090909090909207
South Korea,Asia,1988,9.8,-0.1999999999999993,9.5,0.3000000000000007,18.418181818181818,-0.20909090909091077
South Korea,Asia,1989,10.3,0.5,9.5,0.8000000000000007,18.927272727272726,0.5090909090909079
South Korea,Asia,1990,10.7,0.3999999999999986,9.5,1.1999999999999993,19.318181818181817,0.39090909090909065
South Korea,Asia,1991,10.2,-0.5,9.5,0.6999999999999993,18.827272727272728,-0.4909090909090885
South Korea,Asia,1992,10.6,0.40000000000000036,9.5,1.0999999999999996,19.218181818181815,0.3909090909090871
South Korea,Asia,1993,10.9,0.3000000000000007,9.5,1.4000000000000004,19.518181818181816,0.3000000000000007
South Korea,Asia,1994,10.4,-0.5,9.5,0.9000000000000004,19.018181818181816,-0.5
South Korea,Asia,1995,11.1,0.6999999999999993,9.5,1.5999999999999996,19.718181818181815,0.6999999999999993
South Korea,Asia,1996,10.7,-0.40000000000000036,9.5,1.1999999999999993,19.318181818181817,-0.3999999999999986
South Korea,Asia,1997,11.3,0.6000000000000014,9.5,1.8000000000000007,19.918181818181818,0.6000000000000014
South Korea,Asia,1998,10.9,-0.40000000000000036,9.5,1.4000000000000004,19.518181818181816,-0.40000000000000213
South Korea,Asia,1999,11.4,0.5,9.5,1.9000000000000004,20.018181818181816,0.5
Spain,Europe,1980,12.0,0.0,12.0,0.0,6.314285714285715,0.0
Spain,Europe,1981,12.3,0.3000000000000007,12.0,0.3000000000000007,6.614285714285714,0.29999999999999893
Spain,Europe,1982,12.1,-0.20000000000000107,12.0,0.09999999999999964,6.414285714285714,-0.20000000000000018
Spain,Europe,1983,13.0,0.9000000000000004,12.0,1.0,7.171428571428572,0.757142857142858
Spain,Europe,1984,11.8,-1.1999999999999993,12.0,-0.1999999999999993,6.142857142857143,-1.0285714285714285
Spain,Europe,1985,12.2,0.3999999999999986,12.0,0.1999999999999993,6.478571428571429,0.3357142857142854
Spain,Europe,1986,12.7,0.5,12.0,0.6999999999999993,7.0,0.5214285714285714
Spain,Europe,1987,12.5,-0.1999999999999993,12.0,0.5,6.821428571428571,-0.17857142857142883
Spain,Europe,1988,12.2,-0.3000000000000007,12.0,0.1999999999999993,6.5,-0.3214285714285712
Spain,Europe,1989,12.8,0.6000000000000014,12.0,0.8000000000000007,7.057142857142857,0.5571428571428569
Spain,Europe,1990,13.5,0.6999999999999993,12.0,1.5,7.692857142857142,0.6357142857142852
Spain,Europe,1991,12.6,-0.9000000000000004,12.0,0.5999999999999996,6.857142857142857,-0.8357142857142854
Spain,Europe,1992,12.8,0.20000000000000107,12.0,0.8000000000000007,7.078571428571428,0.22142857142857153
Spain,Europe,1993,12.7,-0.10000000000000142,12.0,0.6999999999999993,7.028571428571429,-0.049999999999998934
Spain,Europe,1994,13.2,0.5,12.0,1.1999999999999993,7.45,0.4214285714285708
Spain,Europe,1995,13.0,-0.1999999999999993,12.0,1.0,7.328571428571428,-0.12142857142857189
Spain,Europe,1996,12.4,-0.5999999999999996,12.0,0.40000000000000036,6.8,-0.5285714285714285
Spain,Europe,1997,13.2,0.7999999999999989,12.0,1.1999999999999993,7.521428571428571,0.7214285714285715
Spain,Europe,1998,13.5,0.3000000000000007,12.0,1.5,7.764285714285713,0.242857142857142
Spain,Europe,1999,13.7,0.1999999999999993,12.0,1.6999999999999993,7.978571428571429,0.2142857142857153
Sudan,Africa,1980,24.1,0.0,24.1,0.0,19.94,0.0
Sudan,Africa,1981,24.4,0.29999999999999716,24.1,0.29999999999999716,20.240000000000002,0.3000000000000007
Sudan,Africa,1982,24.2,-0.1999999999999993,24.1,0.09999999999999787,20.04,-0.20000000000000284
Sudan,Africa,1983,24.7,0.5,24.1,0.5999999999999979,20.54,0.5
Sudan,Africa,1984,24.3,-0.3999999999999986,24.1,0.1999999999999993,20.14,-0.3999999999999986
Sudan,Africa,1985,24.8,0.5,24.1,0.6999999999999993,20.64,0.5
Sudan,Africa,1986,25.1,0.3000000000000007,24.1,1.0,20.94,0.3000000000000007
Sudan,Africa,1987,24.6,-0.5,24.1,0.5,20.44,-0.5
Sudan,Africa,1988,24.4,-0.20000000000000284,24.1,0.29999999999999716,20.240000000000002,-0.1999999999999993
Sudan,Africa,1989,24.9,0.5,24.1,0.7999999999999972,20.740000000000002,0.5
Sudan,Africa,1990,25.3,0.40000000000000213,24.1,1.1999999999999993,21.14,0.3999999999999986
Sudan,Africa,1991,24.8,-0.5,24.1,0.6999999999999993,20.64,-0.5
Sudan,Africa,1992,25.2,0.3999999999999986,24.1,1.0999999999999979,21.04,0.3999999999999986
Sudan,Africa,1993,25.5,0.3000000000000007,24.1,1.3999999999999986,21.34,0.3000000000000007
Sudan,Africa,1994,25.0,-0.5,24.1,0.8999999999999986,20.84,-0.5
Sudan,Africa,1995,25.7,0.6999999999999993,24.1,1.5999999999999979,21.54,0.6999999999999993
Sudan,Africa,1996,25.3,-0.3999999999999986,24.1,1.1999999999999993,21.14,-0.3999999999999986
Sudan,Africa,1997,25.9,0.5999999999999979,24.1,1.7999999999999972,21.740000000000002,0.6000000000000014
Sudan,Africa,1998,25.5,-0.3999999999999986,24.1,1.3999999999999986,21.34,-0.40000000000000213
Sudan,Africa,1999,26.0,0.5,24.1,1.8999999999999986,21.84,0.5
Sweden,Europe,1980,1.5,0.0,1.5,0.0,6.314285714285715,0.0
Sweden,Europe,1981,1.8,0.30000000000000004,1.5,0.30000000000000004,6.614285714285714,0.29999999999999893
Sweden,Europe,1982,1.6,-0.19999999999999996,1.5,0.10000000000000009,6.414285714285714,-0.20000000000000018
Sweden,Europe,1983,2.3,0.6999999999999997,1.5,0.7999999999999998,7.171428571428572,0.757142857142858
Sweden,Europe,1984,1.3,-0.9999999999999998,1.5,-0.19999999999999996,6.142857142857143,-1.0285714285714285
Sweden,Europe,1985,1.7,0.3999999999999999,1.5,0.19999999999999996,6.478571428571429,0.3357142857142854
Sweden,Europe,1986,2.3,0.5999999999999999,1.5,0.7999999999999998,7.0,0.5214285714285714
Sweden,Europe,1987,2.1,-0.19999999999999973,1.5,0.6000000000000001,6.821428571428571,-0.17857142857142883
Sweden,Europe,1988,1.8,-0.30000000000000004,1.5,0.30000000000000004,6.5,-0.3214285714285712
Sweden,Europe,1989,2.3,0.4999999999999998,1.5,0.7999999999999998,7.057142857142857,0.5571428571428569
Sweden,Europe,1990,3.0,0.7000000000000002,1.5,1.5,7.692857142857142,0.6357142857142852
Sweden,Europe,1991,2.1,-0.8999999999999999,1.5,0.6000000000000001,6.857142857142857,-0.8357142857142854
Sweden,Europe,1992,2.3,0.19999999999999973,1.5,0.7999999999999998,7.078571428571428,0.22142857142857153
Sweden,Europe,1993,2.3,0.0,1.5,0.7999999999999998,7.028571428571429,-0.049999999999998934
Sweden,Europe,1994,2.8,0.5,1.5,1.2999999999999998,7.45,0.4214285714285708
Sweden,Europe,1995,2.6,-0.19999999999999973,1.5,1.1,7.328571428571428,-0.12142857142857189
Sweden,Europe,1996,1.9,-0.7000000000000002,1.5,0.3999999999999999,6.8,-0.5285714285714285
Sweden,Europe,1997,2.8,0.8999999999999999,1.5,1.2999999999999998,7.521428571428571,0.7214285714285715
Sweden,Europe,1998,3.1,0.30000000000000027,1.5,1.6,7.764285714285713,0.242857142857142
Sweden,Europe,1999,3.3,0.19999999999999973,1.5,1.7999999999999998,7.978571428571429,0.2142857142857153
Switzerland,Europe,1980,4.5,0.0,4.5,0.0,6.314285714285715,0.0
Switzerland,Europe,1981,4.8,0.2999999999999998,4.5,0.2999999999999998,6.614285714285714,0.29999999999999893
Switzerland,Europe,1982,4.6,-0.20000000000000018,4.5,0.09999999999999964,6.414285714285714,-0.20000000000000018
Switzerland,Europe,1983,5.8,1.2000000000000002,4.5,1.2999999999999998,7.171428571428572,0.757142857142858
Switzerland,Europe,1984,4.3,-1.5,4.5,-0.20000000000000018,6.142857142857143,-1.0285714285714285
Switzerland,Europe,1985,4.6,0.2999999999999998,4.5,0.09999999999999964,6.478571428571429,0.3357142857142854
Switzerland,Europe,1986,5.2,0.6000000000000005,4.5,0.7000000000000002,7.0,0.5214285714285714
Switzerland,Europe,1987,5.0,-0.20000000000000018,4.5,0.5,6.821428571428571,-0.17857142857142883
Switzerland,Europe,1988,4.7,-0.2999999999999998,4.5,0.20000000000000018,6.5,-0.3214285714285712
Switzerland,Europe,1989,5.4,0.7000000000000002,4.5,0.9000000000000004,7.057142857142857,0.5571428571428569
Switzerland,Europe,1990,6.1,0.6999999999999993,4.5,1.5999999999999996,7.692857142857142,0.6357142857142852
Switzerland,Europe,1991,5.2,-0.8999999999999995,4.5,0.7000000000000002,6.857142857142857,-0.8357142857142854
Switzerland,Europe,1992,5.4,0.20000000000000018,4.5,0.9000000000000004,7.078571428571428,0.22142857142857153
Switzerland,Europe,1993,5.3,-0.10000000000000053,4.5,0.7999999999999998,7.028571428571429,-0.049999999999998934
Switzerland,Europe,1994,5.8,0.5,4.5,1.2999999999999998,7.45,0.4214285714285708
Switzerland,Europe,1995,5.6,-0.20000000000000018,4.5,1.0999999999999996,7.328571428571428,-0.12142857142857189
Switzerland,Europe,1996,4.9,-0.6999999999999993,4.5,0.40000000000000036,6.8,-0.5285714285714285
Switzerland,Europe,1997,5.8,0.8999999999999995,4.5,1.2999999999999998,7.521428571428571,0.7214285714285715
Switzerland,Europe,1998,6.1,0.2999999999999998,4.5,1.5999999999999996,7.764285714285713,0.242857142857142
Switzerland,Europe,1999,6.3,0.20000000000000018,4.5,1.7999999999999998,7.978571428571429,0.2142857142857153
Tanzania,Africa,1980,20.1,0.0,20.1,0.0,19.94,0.0
Tanzania,Africa,1981,20.4,0.29999999999999716,20.1,0.29999999999999716,20.240000000000002,0.3000000000000007
Tanzania,Africa,1982,20.2,-0.1999999999999993,20.1,0.09999999999999787,20.04,-0.20000000000000284
Tanzania,Africa,1983,20.7,0.5,20.1,0.5999999999999979,20.54,0.5
Tanzania,Africa,1984,20.3,-0.3999999999999986,20.1,0.1999999999999993,20.14,-0.3999999999999986
Tanzania,Africa,1985,20.8,0.5,20.1,0.6999999999999993,20.64,0.5
Tanzania,Africa,1986,21.1,0.3000000000000007,20.1,1.0,20.94,0.3000000000000007
Tanzania,Africa,1987,20.6,-0.5,20.1,0.5,20.44,-0.5
Tanzania,Africa,1988,20.4,-0.20000000000000284,20.1,0.29999999999999716,20.240000000000002,-0.1999999999999993
Tanzania,Africa,1989,20.9,0.5,20.1,0.7999999999999972,20.740000000000002,0.5
Tanzania,Africa,1990,21.3,0.40000000000000213,20.1,1.1999999999999993,21.14,0.3999999999999986
Tanzania,Africa,1991,20.8,-0.5,20.1,0.6999999999999993,20.64,-0.5
Tanzania,Africa,1992,21.2,0.3999999999999986,20.1,1.0999999999999979,21.04,0.3999999999999986
Tanzania,Africa,1993,21.5,0.3000000000000007,20.1,1.3999999999999986,21.34,0.3000000000000007
Tanzania,Africa,1994,21.0,-0.5,20.1,0.8999999999999986,20.84,-0.5
Tanzania,Africa,1995,21.7,0.6999999999999993,20.1,1.5999999999999979,21.54,0.6999999999999993
Tanzania,Africa,1996,21.3,-0.3999999999999986,20.1,1.1999999999999993,21.14,-0.3999999999999986
Tanzania,Africa,1997,21.9,0.5999999999999979,20.1,1.7999999999999972,21.740000000000002,0.6000000000000014
Tanzania,Africa,1998,21.5,-0.3999999999999986,20.1,1.3999999999999986,21.34,-0.40000000000000213
Tanzania,Africa,1999,22.0,0.5,20.1,1.8999999999999986,21.84,0.5
Thailand,Asia,1980,24.8,0.0,24.8,0.0,18.136363636363637,0.0
Thailand,Asia,1981,25.1,0.3000000000000007,24.8,0.3000000000000007,18.436363636363637,0.3000000000000007
Thailand,Asia,1982,24.9,-0.20000000000000284,24.8,0.09999999999999787,18.236363636363635,-0.20000000000000284
Thailand,Asia,1983,25.4,0.5,24.8,0.5999999999999979,18.736363636363635,0.5
Thailand,Asia,1984,25.0,-0.3999999999999986,24.8,0.1999999999999993,18.336363636363636,-0.3999999999999986
Thailand,Asia,1985,25.5,0.5,24.8,0.6999999999999993,18.818181818181817,0.4818181818181806
Thailand,Asia,1986,25.8,0.3000000000000007,24.8,1.0,19.11818181818182,0.30000000000000426
Thailand,Asia,1987,25.3,-0.5,24.8,0.5,18.62727272727273,-0.49090909090909207
Thailand,Asia,1988,25.1,-0.1999999999999993,24.8,0.3000000000000007,18.418181818181818,-0.20909090909091077
Thailand,Asia,1989,25.6,0.5,24.8,0.8000000000000007,18.927272727272726,0.5090909090909079
Thailand,Asia,1990,26.0,0.3999999999999986,24.8,1.1999999999999993,19.318181818181817,0.39090909090909065
Thailand,Asia,1991,25.5,-0.5,24.8,0.6999999999999993,18.827272727272728,-0.4909090909090885
Thailand,Asia,1992,25.9,0.3999999999999986,24.8,1.0999999999999979,19.218181818181815,0.3909090909090871
Thailand,Asia,1993,26.2,0.3000000000000007,24.8,1.3999999999999986,19.518181818181816,0.3000000000000007
Thailand,Asia,1994,25.7,-0.5,24.8,0.8999999999999986,19.018181818181816,-0.5
Thailand,Asia,1995,26.4,0.6999999999999993,24.8,1.5999999999999979,19.718181818181815,0.6999999999999993
Thailand,Asia,1996,26.0,-0.3999999999999986,24.8,1.1999999999999993,19.318181818181817,-0.3999999999999986
Thailand,Asia,1997,26.6,0.6000000000000014,24.8,1.8000000000000007,19.918181818181818,0.6000000000000014
Thailand,Asia,1998,26.2,-0.40000000000000213,24.8,1.3999999999999986,19.518181818181816,-0.40000000000000213
Thailand,Asia,1999,26.7,0.5,24.8,1.8999999999999986,20.018181818181816,0.5
Turkey,Middle East,1980,10.3,0.0,10.3,0.0,16.575000000000003,0.0
Turkey,Middle East,1981,10.6,0.29999999999999893,10.3,0.29999999999999893,16.875,0.29999999999999716
Turkey,Middle East,1982,10.4,-0.1999999999999993,10.3,0.09999999999999964,16.675,-0.1999999999999993
Turkey,Middle East,1983,10.9,0.5,10.3,0.5999999999999996,17.175,0.5
Turkey,Middle East,1984,10.5,-0.40000000000000036,10.3,0.1999999999999993,16.775,-0.40000000000000213
Turkey,Middle East,1985,11.0,0.5,10.3,0.6999999999999993,17.275,0.5
Turkey,Middle East,1986,11.3,0.3000000000000007,10.3,1.0,17.575000000000003,0.30000000000000426
Turkey,Middle East,1987,10.8,-0.5,10.3,0.5,17.075000000000003,-0.5
Turkey,Middle East,1988,10.6,-0.20000000000000107,10.3,0.29999999999999893,16.875,-0.20000000000000284
Turkey,Middle East,1989,11.1,0.5,10.3,0.7999999999999989,17.375,0.5
Turkey,Middle East,1990,11.5,0.40000000000000036,10.3,1.1999999999999993,17.775,0.3999999999999986
Turkey,Middle East,1991,11.0,-0.5,10.3,0.6999999999999993,17.275,-0.5
Turkey,Middle East,1992,11.4,0.40000000000000036,10.3,1.0999999999999996,17.675,0.40000000000000213
Turkey,Middle East,1993,11.7,0.29999999999999893,10.3,1.3999999999999986,17.975,0.3000000000000007
Turkey,Middle East,1994,11.2,-0.5,10.3,0.8999999999999986,17.475,-0.5
Turkey,Middle East,1995,11.9,0.7000000000000011,10.3,1.5999999999999996,18.175,0.6999999999999993
Turkey,Middle East,1996,11.5,-0.40000000000000036,10.3,1.1999999999999993,17.775,-0.40000000000000213
Turkey,Middle East,1997,12.1,0.5999999999999996,10.3,1.799999999999999,18.375,0.6000000000000014
Turkey,Middle East,1998,11.7,-0.40000000000000036,10.3,1.3999999999999986,17.975,-0.3999999999999986
Turkey,Middle East,1999,12.2,0.5,10.3,1.8999999999999986,18.475,0.5
Uganda,Africa,1980,19.6,0.0,19.6,0.0,19.94,0.0
Uganda,Africa,1981,19.9,0.29999999999999716,19.6,0.29999999999999716,20.240000000000002,0.3000000000000007
Uganda,Africa,1982,19.7,-0.1999999999999993,19.6,0.09999999999999787,20.04,-0.20000000000000284
Uganda,Africa,1983,20.2,0.5,19.6,0.5999999999999979,20.54,0.5
Uganda,Africa,1984,19.8,-0.3999999999999986,19.6,0.1999999999999993,20.14,-0.3999999999999986
Uganda,Africa,1985,20.3,0.5,19.6,0.6999999999999993,20.64,0.5
Uganda,Africa,1986,20.6,0.3000000000000007,19.6,1.0,20.94,0.3000000000000007
Uganda,Africa,1987,20.1,-0.5,19.6,0.5,20.44,-0.5
Uganda,Africa,1988,19.9,-0.20000000000000284,19.6,0.29999999999999716,20.240000000000002,-0.1999999999999993
Uganda,Africa,1989,20.4,0.5,19.6,0.7999999999999972,20.740000000000002,0.5
Uganda,Africa,1990,20.8,0.40000000000000213,19.6,1.1999999999999993,21.14,0.3999999999999986
Uganda,Africa,1991,20.3,-0.5,19.6,0.6999999999999993,20.64,-0.5
Uganda,Africa,1992,20.7,0.3999999999999986,19.6,1.0999999999999979,21.04,0.3999999999999986
Uganda,Africa,1993,21.0,0.3000000000000007,19.6,1.3999999999999986,21.34,0.3000000000000007
Uganda,Africa,1994,20.5,-0.5,19.6,0.8999999999999986,20.84,-0.5
Uganda,Africa,1995,21.2,0.6999999999999993,19.6,1.5999999999999979,21.54,0.6999999999999993
Uganda,Africa,1996,20.8,-0.3999999999999986,19.6,1.1999999999999993,21.14,-0.3999999999999986
Uganda,Africa,1997,21.4,0.5999999999999979,19.6,1.7999999999999972,21.740000000000002,0.6000000000000014
Uganda,Africa,1998,21.0,-0.3999999999999986,19.6,1.3999999999999986,21.34,-0.40000000000000213
Uganda,Africa,1999,21.5,0.5,19.6,1.8999999999999986,21.84,0.5
Ukraine,Europe,1980,5.8,0.0,5.8,0.0,6.314285714285715,0.0
Ukraine,Europe,1981,6.1,0.2999999999999998,5.8,0.2999999999999998,6.614285714285714,0.29999999999999893
Ukraine,Europe,1982,5.9,-0.1999999999999993,5.8,0.10000000000000053,6.414285714285714,-0.20000000000000018
Ukraine,Europe,1983,6.5,0.5999999999999996,5.8,0.7000000000000002,7.171428571428572,0.757142857142858
Ukraine,Europe,1984,5.6,-0.9000000000000004,5.8,-0.20000000000000018,6.142857142857143,-1.0285714285714285
Ukraine,Europe,1985,5.9,0.3000000000000007,5.8,0.10000000000000053,6.478571428571429,0.3357142857142854
Ukraine,Europe,1986,6.5,0.5999999999999996,5.8,0.7000000000000002,7.0,0.5214285714285714
Ukraine,Europe,1987,6.8,0.2999999999999998,5.8,1.0,6.821428571428571,-0.17857142857142883
Ukraine,Europe,1988,6.2,-0.5999999999999996,5.8,0.40000000000000036,6.5,-0.3214285714285712
Ukraine,Europe,1989,6.4,0.20000000000000018,5.8,0.6000000000000005,7.057142857142857,0.5571428571428569
Ukraine,Europe,1990,6.8,0.39999999999999947,5.8,1.0,7.692857142857142,0.6357142857142852
Ukraine,Europe,1991,6.2,-0.5999999999999996,5.8,0.40000000000000036,6.857142857142857,-0.8357142857142854
Ukraine,Europe,1992,6.5,0.2999999999999998,5.8,0.7000000000000002,7.078571428571428,0.22142857142857153
Ukraine,Europe,1993,6.5,0.0,5.8,0.7000000000000002,7.028571428571429,-0.049999999999998934
Ukraine,Europe,1994,7.0,0.5,5.8,1.2000000000000002,7.45,0.4214285714285708
Ukraine,Europe,1995,6.8,-0.20000000000000018,5.8,1.0,7.328571428571428,-0.12142857142857189
Ukraine,Europe,1996,6.2,-0.5999999999999996,5.8,0.40000000000000036,6.8,-0.5285714285714285
Ukraine,Europe,1997,7.0,0.7999999999999998,5.8,1.2000000000000002,7.521428571428571,0.7214285714285715
Ukraine,Europe,1998,7.3,0.2999999999999998,5.8,1.5,7.764285714285713,0.242857142857142
Ukraine,Europe,1999,7.5,0.20000000000000018,5.8,1.7000000000000002,7.978571428571429,0.2142857142857153
United Kingdom,Europe,1980,7.2,0.0,7.2,0.0,6.314285714285715,0.0
United Kingdom,Europe,1981,7.5,0.2999999999999998,7.2,0.2999999999999998,6.614285714285714,0.29999999999999893
United Kingdom,Europe,1982,7.3,-0.20000000000000018,7.2,0.09999999999999964,6.414285714285714,-0.20000000000000018
United Kingdom,Europe,1983,8.1,0.7999999999999998,7.2,0.8999999999999995,7.171428571428572,0.757142857142858
United Kingdom,Europe,1984,7.0,-1.0999999999999996,7.2,-0.20000000000000018,6.142857142857143,-1.0285714285714285
United Kingdom,Europe,1985,7.4,0.40000000000000036,7.2,0.20000000000000018,6.478571428571429,0.3357142857142854
United Kingdom,Europe,1986,7.9,0.5,7.2,0.7000000000000002,7.0,0.5214285714285714
United Kingdom,Europe,1987,7.7,-0.20000000000000018,7.2,0.5,6.821428571428571,-0.17857142857142883
United Kingdom,Europe,1988,7.4,-0.2999999999999998,7.2,0.20000000000000018,6.5,-0.3214285714285712
United Kingdom,Europe,1989,8.0,0.5999999999999996,7.2,0.7999999999999998,7.057142857142857,0.5571428571428569
United Kingdom,Europe,1990,8.7,0.6999999999999993,7.2,1.4999999999999991,7.692857142857142,0.6357142857142852
United Kingdom,Europe,1991,7.8,-0.8999999999999995,7.2,0.5999999999999996,6.857142857142857,-0.8357142857142854
United Kingdom,Europe,1992,8.0,0.20000000000000018,7.2,0.7999999999999998,7.078571428571428,0.22142857142857153
United Kingdom,Europe,1993,7.9,-0.09999999999999964,7.2,0.7000000000000002,7.028571428571429,-0.049999999999998934
United Kingdom,Europe,1994,8.4,0.5,7.2,1.2000000000000002,7.45,0.4214285714285708
United Kingdom,Europe,1995,8.2,-0.20000000000000107,7.2,0.9999999999999991,7.328571428571428,-0.12142857142857189
United Kingdom,Europe,1996,7.6,-0.5999999999999996,7.2,0.39999999999999947,6.8,-0.5285714285714285
United Kingdom,Europe,1997,8.5,0.9000000000000004,7.2,1.2999999999999998,7.521428571428571,0.7214285714285715
United Kingdom,Europe,1998,8.7,0.1999999999999993,7.2,1.4999999999999991,7.764285714285713,0.242857142857142
United Kingdom,Europe,1999,8.9,0.20000000000000107,7.2,1.7000000000000002,7.978571428571429,0.2142857142857153
United States,North America,1980,7.2,0.0,7.2,0.0,6.833333333333333,0.0
United States,North America,1981,7.5,0.2999999999999998,7.2,0.2999999999999998,7.133333333333333,0.2999999999999998
United States,North America,1982,7.3,-0.20000000000000018,7.2,0.09999999999999964,6.933333333333334,-0.1999999999999993
United States,North America,1983,7.9,0.6000000000000005,7.2,0.7000000000000002,7.466666666666668,0.5333333333333341
United States,North America,1984,7.4,-0.5,7.2,0.20000000000000018,7.033333333333334,-0.43333333333333357
United States,North America,1985,7.9,0.5,7.2,0.7000000000000002,7.466666666666666,0.4333333333333318
United States,North America,1986,8.2,0.29999999999999893,7.2,0.9999999999999991,7.766666666666666,0.2999999999999998
United States,North America,1987,7.7,-0.4999999999999991,7.2,0.5,7.3,-0.4666666666666659
United States,North America,1988,7.5,-0.20000000000000018,7.2,0.2999999999999998,7.033333333333334,-0.2666666666666657
United States,North America,1989,8.0,0.5,7.2,0.7999999999999998,7.566666666666667,0.5333333333333332
United States,North America,1990,8.4,0.40000000000000036,7.2,1.2000000000000002,7.966666666666666,0.3999999999999986
United States,North America,1991,7.9,-0.5,7.2,0.7000000000000002,7.3999999999999995,-0.5666666666666664
United States,North America,1992,8.3,0.40000000000000036,7.2,1.1000000000000005,7.866666666666667,0.4666666666666677
United States,North America,1993,8.6,0.29999999999999893,7.2,1.3999999999999995,8.166666666666666,0.29999999999999893
United States,North America,1994,8.1,-0.5,7.2,0.8999999999999995,7.666666666666667,-0.4999999999999991
United States,North America,1995,8.8,0.7000000000000011,7.2,1.6000000000000005,8.366666666666667,0.7000000000000002
United States,North America,1996,8.4,-0.40000000000000036,7.2,1.2000000000000002,8.233333333333334,-0.13333333333333286
United States,North America,1997,9.0,0.5999999999999996,7.2,1.7999999999999998,8.466666666666667,0.2333333333333325
United States,North America,1998,8.6,-0.40000000000000036,7.2,1.3999999999999995,8.299999999999999,-0.16666666666666785
United States,North America,1999,9.1,0.5,7.2,1.8999999999999995,8.766666666666666,0.4666666666666668
Venezuela,South America,1980,22.9,0.0,22.9,0.0,19.419999999999998,0.0
Venezuela,South America,1981,23.2,0.3000000000000007,22.9,0.3000000000000007,19.72,0.3000000000000007
Venezuela,South America,1982,23.0,-0.1999999999999993,22.9,0.10000000000000142,19.52,-0.1999999999999993
Venezuela,South America,1983,23.5,0.5,22.9,0.6000000000000014,20.02,0.5
Venezuela,South America,1984,23.1,-0.3999999999999986,22.9,0.20000000000000284,19.619999999999997,-0.40000000000000213
Venezuela,South America,1985,23.6,0.5,22.9,0.7000000000000028,20.080000000000002,0.4600000000000044
Venezuela,South America,1986,23.9,0.29999999999999716,22.9,1.0,20.380000000000003,0.3000000000000007
Venezuela,South America,1987,23.4,-0.5,22.9,0.5,19.9,-0.480000000000004
Venezuela,South America,1988,23.2,-0.1999999999999993,22.9,0.3000000000000007,19.68,-0.21999999999999886
Venezuela,South America,1989,23.7,0.5,22.9,0.8000000000000007,20.2,0.5199999999999996
Venezuela,South America,1990,24.1,0.40000000000000213,22.9,1.2000000000000028,20.580000000000002,0.38000000000000256
Venezuela,South America,1991,23.6,-0.5,22.9,0.7000000000000028,20.1,-0.4800000000000004
Venezuela,South America,1992,24.0,0.3999999999999986,22.9,1.1000000000000014,20.48,0.379999999999999
Venezuela,South America,1993,24.3,0.3000000000000007,22.9,1.4000000000000021,20.78,0.3000000000000007
Venezuela,South America,1994,23.8,-0.5,22.9,0.9000000000000021,20.28,-0.5
Venezuela,South America,1995,24.5,0.6999999999999993,22.9,1.6000000000000014,20.98,0.6999999999999993
Venezuela,South America,1996,24.1,-0.3999999999999986,22.9,1.2000000000000028,20.580000000000002,-0.3999999999999986
Venezuela,South America,1997,24.7,0.5999999999999979,22.9,1.8000000000000007,21.18,0.5999999999999979
Venezuela,South America,1998,24.3,-0.3999999999999986,22.9,1.4000000000000021,20.78,-0.3999999999999986
Venezuela,South America,1999,24.8,0.5,22.9,1.9000000000000021,21.28,0.5
Vietnam,Asia,1980,22.3,0.0,22.3,0.0,18.136363636363637,0.0
Vietnam,Asia,1981,22.6,0.3000000000000007,22.3,0.3000000000000007,18.436363636363637,0.3000000000000007
Vietnam,Asia,1982,22.4,-0.20000000000000284,22.3,0.09999999999999787,18.236363636363635,-0.20000000000000284
Vietnam,Asia,1983,22.9,0.5,22.3,0.5999999999999979,18.736363636363635,0.5
Vietnam,Asia,1984,22.5,-0.3999999999999986,22.3,0.1999999999999993,18.336363636363636,-0.3999999999999986
Vietnam,Asia,1985,23.0,0.5,22.3,0.6999999999999993,18.818181818181817,0.4818181818181806
Vietnam,Asia,1986,23.3,0.3000000000000007,22.3,1.0,19.11818181818182,0.30000000000000426
Vietnam,Asia,1987,22.8,-0.5,22.3,0.5,18.62727272727273,-0.49090909090909207
Vietnam,Asia,1988,22.6,-0.1999999999999993,22.3,0.3000000000000007,18.418181818181818,-0.20909090909091077
Vietnam,Asia,1989,23.1,0.5,22.3,0.8000000000000007,18.927272727272726,0.5090909090909079
Vietnam,Asia,1990,23.5,0.3999999999999986,22.3,1.1999999999999993,19.318181818181817,0.39090909090909065
Vietnam,Asia,1991,23.0,-0.5,22.3,0.6999999999999993,18.827272727272728,-0.4909090909090885
Vietnam,Asia,1992,23.4,0.3999999999999986,22.3,1.0999999999999979,19.218181818181815,0.3909090909090871
Vietnam,Asia,1993,23.7,0.3000000000000007,22.3,1.3999999999999986,19.518181818181816,0.3000000000000007
Vietnam,Asia,1994,23.2,-0.5,22.3,0.8999999999999986,19.018181818181816,-0.5
Vietnam,Asia,1995,23.9,0.6999999999999993,22.3,1.5999999999999979,19.718181818181815,0.6999999999999993
Vietnam,Asia,1996,23.5,-0.3999999999999986,22.3,1.1999999999999993,19.318181818181817,-0.3999999999999986
Vietnam,Asia,1997,24.1,0.6000000000000014,22.3,1.8000000000000007,19.918181818181818,0.6000000000000014
Vietnam,Asia,1998,23.7,-0.40000000000000213,22.3,1.3999999999999986,19.518181818181816,-0.40000000000000213
Vietnam,Asia,1999,24.2,0.5,22.3,1.8999999999999986,20.018181818181816,0.5
